<?xml version = '1.0' encoding = 'UTF-8'?>
<FKIndexAssociation class="oracle.dbtools.crest.model.design.relational.FKIndexAssociation" directorySegmentName="seg_0" id="067FFE89-4CA2-C575-E59A-C6A78B122074" containerWithKeyObject="984D3D86-C593-3E69-954C-5704BB5508B5" localFKIndex="A6FFA1A2-93B5-9835-9EC0-E97F350E5066" name="CONTACTO_CLIENTE_CLIENTE_FK">
<createdBy>jbarr</createdBy>
<createdTime>2024-09-02 00:04:39 UTC</createdTime>
<generatorID>478F9EA1-ED74-4649-9AA5-CB9ED0F4AC06</generatorID>
<ownerDesignName>SEMANA4</ownerDesignName>
<referredTableLongName>CLIENTE</referredTableLongName>
<deleteRule>NO ACTION</deleteRule>
<referredTableID>32B65DBC-CC68-6954-EEB9-8EB59A4B43F5</referredTableID>
<keyObject>C0A4E03C-A04E-9B08-7EB7-D974C5F8AC5D</keyObject>
<referredKeyID>C0A4E03C-A04E-9B08-7EB7-D974C5F8AC5D</referredKeyID>
<mandatory>true</mandatory>
<refColNames>RUT_CLIENTE</refColNames>
<transferable>true</transferable>
<rely>false</rely>
<columnDependencyConstraintGenerateInDDL>true</columnDependencyConstraintGenerateInDDL>
</FKIndexAssociation>