<?xml version = '1.0' encoding = 'UTF-8'?>
<FKIndexAssociation class="oracle.dbtools.crest.model.design.relational.FKIndexAssociation" directorySegmentName="seg_0" id="13342F66-2653-8F5B-D2BB-EC2510BFE96C" containerWithKeyObject="A81DB7CA-96AC-E840-4AEC-89371F46F6FB" localFKIndex="07C27850-7298-FA45-C8B8-43C030C625F3" name="MODELO_VEHICULO_VEHICULO_FK">
<createdBy>jbarr</createdBy>
<createdTime>2024-09-02 00:04:39 UTC</createdTime>
<generatorID>D77886AB-0931-DE6A-59DF-08620BA04ACB</generatorID>
<ownerDesignName>SEMANA4</ownerDesignName>
<referredTableLongName>VEHICULO</referredTableLongName>
<deleteRule>NO ACTION</deleteRule>
<referredTableID>15BDF37C-BD55-75D5-B940-1F116D25E954</referredTableID>
<keyObject>7670DDB9-2C2C-5486-E6FC-0F5B82131207</keyObject>
<referredKeyID>7670DDB9-2C2C-5486-E6FC-0F5B82131207</referredKeyID>
<mandatory>true</mandatory>
<refColNames>PATENTE</refColNames>
<transferable>true</transferable>
<rely>false</rely>
<columnDependencyConstraintGenerateInDDL>true</columnDependencyConstraintGenerateInDDL>
</FKIndexAssociation>