<?xml version = '1.0' encoding = 'UTF-8'?>
<FKIndexAssociation class="oracle.dbtools.crest.model.design.relational.FKIndexAssociation" directorySegmentName="seg_0" id="1967E2C2-EA95-7B68-7EF6-E2C87F08C972" containerWithKeyObject="4035FF24-578D-20DA-784E-6A0DCBE19931" localFKIndex="BD98D5EB-A256-49D9-C034-2DE86758CFEE" name="ORDEN_ATENCION_VALIDACION_SERVICIO_FK">
<createdBy>jbarr</createdBy>
<createdTime>2024-09-02 00:04:39 UTC</createdTime>
<generatorID>54B803D1-318B-A01E-C924-A2EB5ED2575E</generatorID>
<ownerDesignName>SEMANA4</ownerDesignName>
<referredTableLongName>VALIDACION_SERVICIO</referredTableLongName>
<deleteRule>NO ACTION</deleteRule>
<referredTableID>D3AE82EB-B339-296B-3664-CF3C5F6C8AA6</referredTableID>
<keyObject>D45C1CE6-A14F-BDC2-E6DA-195125F37152</keyObject>
<referredKeyID>D45C1CE6-A14F-BDC2-E6DA-195125F37152</referredKeyID>
<mandatory>true</mandatory>
<refColNames>ID_VALIDACION_SERVICIO</refColNames>
<transferable>true</transferable>
<rely>false</rely>
<columnDependencyConstraintGenerateInDDL>true</columnDependencyConstraintGenerateInDDL>
</FKIndexAssociation>