<?xml version = '1.0' encoding = 'UTF-8'?>
<FKIndexAssociation class="oracle.dbtools.crest.model.design.relational.FKIndexAssociation" directorySegmentName="seg_0" id="2D29BEA4-B043-92D2-A438-17FC30E80773" containerWithKeyObject="ECD870E8-0F8A-073F-9BA0-8FB48AE3746B" localFKIndex="36DCB45D-6496-0087-8CC3-E1F9183E2D2B" name="ESTADO_VEHICULO_SEGUIMIENTO_FK">
<createdBy>jbarr</createdBy>
<createdTime>2024-09-02 00:04:39 UTC</createdTime>
<generatorID>9B4EFD54-9032-BB4B-639C-71760662ABC4</generatorID>
<ownerDesignName>SEMANA4</ownerDesignName>
<referredTableLongName>SEGUIMIENTO</referredTableLongName>
<deleteRule>NO ACTION</deleteRule>
<referredTableID>016CC407-C926-599D-AE43-0FAD3467F957</referredTableID>
<keyObject>345B2E82-E820-22E5-F40C-EF3960853A21</keyObject>
<referredKeyID>345B2E82-E820-22E5-F40C-EF3960853A21</referredKeyID>
<mandatory>true</mandatory>
<refColNames>ID_SEGUIMIENTO</refColNames>
<transferable>true</transferable>
<rely>false</rely>
<columnDependencyConstraintGenerateInDDL>true</columnDependencyConstraintGenerateInDDL>
</FKIndexAssociation>