<?xml version = '1.0' encoding = 'UTF-8'?>
<FKIndexAssociation class="oracle.dbtools.crest.model.design.relational.FKIndexAssociation" directorySegmentName="seg_0" id="353B8BE6-EB72-BFFD-B6A5-DA1F6EDDEA8D" containerWithKeyObject="4035FF24-578D-20DA-784E-6A0DCBE19931" localFKIndex="C9A3DEAB-20AF-3B3F-E91A-900E1E0F31BE" name="ORDEN_ATENCION_SEGUIMIENTO_FK">
<createdBy>jbarr</createdBy>
<createdTime>2024-09-02 00:04:39 UTC</createdTime>
<generatorID>7786A160-2AE1-D4CD-77DB-347428A31A87</generatorID>
<ownerDesignName>SEMANA4</ownerDesignName>
<referredTableLongName>SEGUIMIENTO</referredTableLongName>
<deleteRule>NO ACTION</deleteRule>
<referredTableID>016CC407-C926-599D-AE43-0FAD3467F957</referredTableID>
<keyObject>345B2E82-E820-22E5-F40C-EF3960853A21</keyObject>
<referredKeyID>345B2E82-E820-22E5-F40C-EF3960853A21</referredKeyID>
<mandatory>true</mandatory>
<refColNames>ID_SEGUIMIENTO</refColNames>
<transferable>true</transferable>
<rely>false</rely>
<columnDependencyConstraintGenerateInDDL>true</columnDependencyConstraintGenerateInDDL>
</FKIndexAssociation>