<?xml version = '1.0' encoding = 'UTF-8'?>
<FKIndexAssociation class="oracle.dbtools.crest.model.design.relational.FKIndexAssociation" directorySegmentName="seg_0" id="37ECEAB1-DEF2-91CC-5889-D93F8EBDF3D6" containerWithKeyObject="15BDF37C-BD55-75D5-B940-1F116D25E954" localFKIndex="68695E98-2BD7-A7C1-A726-7474B461805E" name="VEHICULO_CLIENTE_FK">
<createdBy>jbarr</createdBy>
<createdTime>2024-09-02 00:04:39 UTC</createdTime>
<generatorID>F1118585-FEF2-6AA8-12BF-BB286BCEC953</generatorID>
<ownerDesignName>SEMANA4</ownerDesignName>
<referredTableLongName>CLIENTE</referredTableLongName>
<deleteRule>NO ACTION</deleteRule>
<referredTableID>32B65DBC-CC68-6954-EEB9-8EB59A4B43F5</referredTableID>
<keyObject>C0A4E03C-A04E-9B08-7EB7-D974C5F8AC5D</keyObject>
<referredKeyID>C0A4E03C-A04E-9B08-7EB7-D974C5F8AC5D</referredKeyID>
<mandatory>true</mandatory>
<refColNames>RUT_CLIENTE</refColNames>
<transferable>true</transferable>
<rely>false</rely>
<columnDependencyConstraintGenerateInDDL>true</columnDependencyConstraintGenerateInDDL>
</FKIndexAssociation>