<?xml version = '1.0' encoding = 'UTF-8'?>
<FKIndexAssociation class="oracle.dbtools.crest.model.design.relational.FKIndexAssociation" directorySegmentName="seg_0" id="4328301F-67F5-47A7-AB5A-7076A3FC6733" containerWithKeyObject="016CC407-C926-599D-AE43-0FAD3467F957" localFKIndex="B2842852-EE76-8601-223B-9F78DCD11ADE" name="SEGUIMIENTO_ESTADO_VEHICULO_FK">
<createdBy>jbarr</createdBy>
<createdTime>2024-09-02 00:04:39 UTC</createdTime>
<generatorID>9B4EFD54-9032-BB4B-639C-71760662ABC4</generatorID>
<ownerDesignName>SEMANA4</ownerDesignName>
<referredTableLongName>ESTADO_VEHICULO</referredTableLongName>
<deleteRule>NO ACTION</deleteRule>
<referredTableID>ECD870E8-0F8A-073F-9BA0-8FB48AE3746B</referredTableID>
<keyObject>E282A47C-7CC5-BED3-419B-7A5E07889965</keyObject>
<referredKeyID>E282A47C-7CC5-BED3-419B-7A5E07889965</referredKeyID>
<mandatory>true</mandatory>
<refColNames>ID_ESTADO_VEHICULO</refColNames>
<transferable>true</transferable>
<rely>false</rely>
<columnDependencyConstraintGenerateInDDL>true</columnDependencyConstraintGenerateInDDL>
</FKIndexAssociation>