<?xml version = '1.0' encoding = 'UTF-8'?>
<FKIndexAssociation class="oracle.dbtools.crest.model.design.relational.FKIndexAssociation" directorySegmentName="seg_0" id="533EE1B5-3C83-73F2-7CCA-923A7A9D770C" containerWithKeyObject="15BDF37C-BD55-75D5-B940-1F116D25E954" localFKIndex="FFF3F296-5887-7A7F-FE41-2D7188BDCAFA" name="VEHICULO_MARCA_VEHICULO_FK">
<createdBy>jbarr</createdBy>
<createdTime>2024-09-02 00:04:39 UTC</createdTime>
<generatorID>32A3E5AC-0E5F-115F-2220-7C6107AE81B5</generatorID>
<ownerDesignName>SEMANA4</ownerDesignName>
<referredTableLongName>MARCA_VEHICULO</referredTableLongName>
<deleteRule>NO ACTION</deleteRule>
<referredTableID>62DEE85E-55FC-B4F1-381C-A491C5D49DFF</referredTableID>
<keyObject>EA282304-F5CB-C2C5-5818-28F057C8F4BF</keyObject>
<referredKeyID>EA282304-F5CB-C2C5-5818-28F057C8F4BF</referredKeyID>
<mandatory>true</mandatory>
<refColNames>ID_MARCA</refColNames>
<transferable>true</transferable>
<rely>false</rely>
<columnDependencyConstraintGenerateInDDL>true</columnDependencyConstraintGenerateInDDL>
</FKIndexAssociation>