<?xml version = '1.0' encoding = 'UTF-8'?>
<FKIndexAssociation class="oracle.dbtools.crest.model.design.relational.FKIndexAssociation" directorySegmentName="seg_0" id="5961B3E5-272B-1062-3E3B-3F741FDD1726" containerWithKeyObject="15BDF37C-BD55-75D5-B940-1F116D25E954" localFKIndex="6107F5ED-5106-D5B3-2199-FB168DEDD825" name="VEHICULO_AÑO_VEHICULO_FK">
<createdBy>jbarr</createdBy>
<createdTime>2024-09-02 00:04:39 UTC</createdTime>
<generatorID>FD10CB29-EA5E-55D8-BBB0-34CBF32B36D4</generatorID>
<ownerDesignName>SEMANA4</ownerDesignName>
<referredTableLongName>AÑO_VEHICULO</referredTableLongName>
<deleteRule>NO ACTION</deleteRule>
<referredTableID>0B605923-E8D0-7353-778D-7646D4BE589C</referredTableID>
<keyObject>11D9F031-4A51-7579-387F-9F0A16DDE6CB</keyObject>
<referredKeyID>11D9F031-4A51-7579-387F-9F0A16DDE6CB</referredKeyID>
<mandatory>true</mandatory>
<refColNames>ID_AÑO</refColNames>
<transferable>true</transferable>
<rely>false</rely>
<columnDependencyConstraintGenerateInDDL>true</columnDependencyConstraintGenerateInDDL>
</FKIndexAssociation>