<?xml version = '1.0' encoding = 'UTF-8'?>
<FKIndexAssociation class="oracle.dbtools.crest.model.design.relational.FKIndexAssociation" directorySegmentName="seg_0" id="7F7CADEB-90BE-711E-343E-7FBBECBD47C3" containerWithKeyObject="386EE9A4-66C5-B2F9-48E3-3BB251B35CBF" localFKIndex="E43350F0-21A7-4CD7-0460-F1CF7A949DBB" name="COLOR_VEHICULO_VEHICULO_FK">
<createdBy>jbarr</createdBy>
<createdTime>2024-09-02 00:04:39 UTC</createdTime>
<generatorID>C73FA435-0A56-5CA7-F3DE-05BC972A4377</generatorID>
<ownerDesignName>SEMANA4</ownerDesignName>
<referredTableLongName>VEHICULO</referredTableLongName>
<deleteRule>NO ACTION</deleteRule>
<referredTableID>15BDF37C-BD55-75D5-B940-1F116D25E954</referredTableID>
<keyObject>7670DDB9-2C2C-5486-E6FC-0F5B82131207</keyObject>
<referredKeyID>7670DDB9-2C2C-5486-E6FC-0F5B82131207</referredKeyID>
<mandatory>true</mandatory>
<refColNames>PATENTE</refColNames>
<transferable>true</transferable>
<rely>false</rely>
<columnDependencyConstraintGenerateInDDL>true</columnDependencyConstraintGenerateInDDL>
</FKIndexAssociation>