<?xml version = '1.0' encoding = 'UTF-8'?>
<FKIndexAssociation class="oracle.dbtools.crest.model.design.relational.FKIndexAssociation" directorySegmentName="seg_0" id="83679BA7-58EA-71EA-5E84-C663931E70BC" containerWithKeyObject="62DEE85E-55FC-B4F1-381C-A491C5D49DFF" localFKIndex="26D2E95D-C658-9B49-4F6E-046F1F07E4D7" name="MARCA_VEHICULO_VEHICULO_FK">
<createdBy>jbarr</createdBy>
<createdTime>2024-09-02 00:04:39 UTC</createdTime>
<generatorID>32A3E5AC-0E5F-115F-2220-7C6107AE81B5</generatorID>
<ownerDesignName>SEMANA4</ownerDesignName>
<referredTableLongName>VEHICULO</referredTableLongName>
<deleteRule>NO ACTION</deleteRule>
<referredTableID>15BDF37C-BD55-75D5-B940-1F116D25E954</referredTableID>
<keyObject>7670DDB9-2C2C-5486-E6FC-0F5B82131207</keyObject>
<referredKeyID>7670DDB9-2C2C-5486-E6FC-0F5B82131207</referredKeyID>
<mandatory>true</mandatory>
<refColNames>PATENTE</refColNames>
<transferable>true</transferable>
<rely>false</rely>
<columnDependencyConstraintGenerateInDDL>true</columnDependencyConstraintGenerateInDDL>
</FKIndexAssociation>