<?xml version = '1.0' encoding = 'UTF-8'?>
<FKIndexAssociation class="oracle.dbtools.crest.model.design.relational.FKIndexAssociation" directorySegmentName="seg_0" id="8380F4FA-8D93-ADF8-C235-78D6557CFC5C" containerWithKeyObject="4035FF24-578D-20DA-784E-6A0DCBE19931" localFKIndex="115355FC-BAF6-6A99-54DD-BB966B936561" name="ORDEN_ATENCION_VEHICULO_FK">
<createdBy>jbarr</createdBy>
<createdTime>2024-09-02 00:04:39 UTC</createdTime>
<generatorID>91335E5F-99E6-C359-36AF-BEEED34BD33C</generatorID>
<ownerDesignName>SEMANA4</ownerDesignName>
<referredTableLongName>VEHICULO</referredTableLongName>
<deleteRule>NO ACTION</deleteRule>
<referredTableID>15BDF37C-BD55-75D5-B940-1F116D25E954</referredTableID>
<keyObject>7670DDB9-2C2C-5486-E6FC-0F5B82131207</keyObject>
<referredKeyID>7670DDB9-2C2C-5486-E6FC-0F5B82131207</referredKeyID>
<mandatory>true</mandatory>
<refColNames>PATENTE</refColNames>
<transferable>true</transferable>
<rely>false</rely>
<columnDependencyConstraintGenerateInDDL>true</columnDependencyConstraintGenerateInDDL>
</FKIndexAssociation>