<?xml version = '1.0' encoding = 'UTF-8'?>
<FKIndexAssociation class="oracle.dbtools.crest.model.design.relational.FKIndexAssociation" directorySegmentName="seg_0" id="84C63DF6-DBA9-19B1-AEC1-0A828CDA0203" containerWithKeyObject="4035FF24-578D-20DA-784E-6A0DCBE19931" localFKIndex="9CA477B9-964D-5E8A-5A21-89F97D19BC77" name="ORDEN_ATENCION_CLIENTE_FK">
<createdBy>jbarr</createdBy>
<createdTime>2024-09-02 00:04:39 UTC</createdTime>
<generatorID>D6B6A0DC-79C1-F178-60A7-2A781AED9777</generatorID>
<ownerDesignName>SEMANA4</ownerDesignName>
<referredTableLongName>CLIENTE</referredTableLongName>
<deleteRule>NO ACTION</deleteRule>
<referredTableID>32B65DBC-CC68-6954-EEB9-8EB59A4B43F5</referredTableID>
<keyObject>C0A4E03C-A04E-9B08-7EB7-D974C5F8AC5D</keyObject>
<referredKeyID>C0A4E03C-A04E-9B08-7EB7-D974C5F8AC5D</referredKeyID>
<mandatory>true</mandatory>
<refColNames>RUT_CLIENTE</refColNames>
<transferable>true</transferable>
<rely>false</rely>
<columnDependencyConstraintGenerateInDDL>true</columnDependencyConstraintGenerateInDDL>
</FKIndexAssociation>