<?xml version = '1.0' encoding = 'UTF-8'?>
<FKIndexAssociation class="oracle.dbtools.crest.model.design.relational.FKIndexAssociation" directorySegmentName="seg_0" id="8511B6C6-E1DC-1226-C201-09AE737515B0" containerWithKeyObject="4035FF24-578D-20DA-784E-6A0DCBE19931" localFKIndex="204538D4-A622-6487-BD65-F5938868F99D" name="ORDEN_ATENCION_ESTADO_VEHICULO_FK">
<createdBy>jbarr</createdBy>
<createdTime>2024-09-02 00:04:39 UTC</createdTime>
<generatorID>B6641644-0255-88B1-ECC0-BFE604ECD0AA</generatorID>
<ownerDesignName>SEMANA4</ownerDesignName>
<referredTableLongName>ESTADO_VEHICULO</referredTableLongName>
<deleteRule>NO ACTION</deleteRule>
<referredTableID>ECD870E8-0F8A-073F-9BA0-8FB48AE3746B</referredTableID>
<keyObject>E282A47C-7CC5-BED3-419B-7A5E07889965</keyObject>
<referredKeyID>E282A47C-7CC5-BED3-419B-7A5E07889965</referredKeyID>
<mandatory>true</mandatory>
<refColNames>ID_ESTADO_VEHICULO</refColNames>
<transferable>true</transferable>
<rely>false</rely>
<columnDependencyConstraintGenerateInDDL>true</columnDependencyConstraintGenerateInDDL>
</FKIndexAssociation>