<?xml version = '1.0' encoding = 'UTF-8'?>
<FKIndexAssociation class="oracle.dbtools.crest.model.design.relational.FKIndexAssociation" directorySegmentName="seg_0" id="8C71A581-565D-D944-242B-3C99929C5C42" containerWithKeyObject="0B605923-E8D0-7353-778D-7646D4BE589C" localFKIndex="E3F56690-1B6A-B690-5EFF-567267C747B0" name="AÑO_VEHICULO_VEHICULO_FK">
<createdBy>jbarr</createdBy>
<createdTime>2024-09-02 00:04:39 UTC</createdTime>
<generatorID>FD10CB29-EA5E-55D8-BBB0-34CBF32B36D4</generatorID>
<ownerDesignName>SEMANA4</ownerDesignName>
<referredTableLongName>VEHICULO</referredTableLongName>
<deleteRule>NO ACTION</deleteRule>
<referredTableID>15BDF37C-BD55-75D5-B940-1F116D25E954</referredTableID>
<keyObject>7670DDB9-2C2C-5486-E6FC-0F5B82131207</keyObject>
<referredKeyID>7670DDB9-2C2C-5486-E6FC-0F5B82131207</referredKeyID>
<mandatory>true</mandatory>
<refColNames>PATENTE</refColNames>
<transferable>true</transferable>
<rely>false</rely>
<columnDependencyConstraintGenerateInDDL>true</columnDependencyConstraintGenerateInDDL>
</FKIndexAssociation>