<?xml version = '1.0' encoding = 'UTF-8'?>
<FKIndexAssociation class="oracle.dbtools.crest.model.design.relational.FKIndexAssociation" directorySegmentName="seg_0" id="A54D9048-E7A8-AA93-4153-9F552C742E94" containerWithKeyObject="15BDF37C-BD55-75D5-B940-1F116D25E954" localFKIndex="7BD49493-8772-0592-77DD-09BA48B2D947" name="VEHICULO_COLOR_VEHICULO_FK">
<createdBy>jbarr</createdBy>
<createdTime>2024-09-02 00:04:39 UTC</createdTime>
<generatorID>C73FA435-0A56-5CA7-F3DE-05BC972A4377</generatorID>
<ownerDesignName>SEMANA4</ownerDesignName>
<referredTableLongName>COLOR_VEHICULO</referredTableLongName>
<deleteRule>NO ACTION</deleteRule>
<referredTableID>386EE9A4-66C5-B2F9-48E3-3BB251B35CBF</referredTableID>
<keyObject>D239C17A-70FD-1AD4-D35B-CD80E67965BB</keyObject>
<referredKeyID>D239C17A-70FD-1AD4-D35B-CD80E67965BB</referredKeyID>
<mandatory>true</mandatory>
<refColNames>ID_COLOR</refColNames>
<transferable>true</transferable>
<rely>false</rely>
<columnDependencyConstraintGenerateInDDL>true</columnDependencyConstraintGenerateInDDL>
</FKIndexAssociation>