<?xml version = '1.0' encoding = 'UTF-8'?>
<FKIndexAssociation class="oracle.dbtools.crest.model.design.relational.FKIndexAssociation" directorySegmentName="seg_0" id="BAC869C2-1ADC-ABBA-B17E-A7A7879F483C" containerWithKeyObject="016CC407-C926-599D-AE43-0FAD3467F957" localFKIndex="345FF3E6-C259-2E59-F4F3-606B6C74A286" name="SEGUIMIENTO_ORDEN_ATENCION_FK">
<createdBy>jbarr</createdBy>
<createdTime>2024-09-02 00:04:39 UTC</createdTime>
<generatorID>7786A160-2AE1-D4CD-77DB-347428A31A87</generatorID>
<ownerDesignName>SEMANA4</ownerDesignName>
<referredTableLongName>ORDEN_ATENCION</referredTableLongName>
<deleteRule>NO ACTION</deleteRule>
<referredTableID>4035FF24-578D-20DA-784E-6A0DCBE19931</referredTableID>
<keyObject>F46F9D90-089C-64FE-7D32-9373C734E5EB</keyObject>
<referredKeyID>F46F9D90-089C-64FE-7D32-9373C734E5EB</referredKeyID>
<mandatory>true</mandatory>
<refColNames>ID_ORDEN_ATENCION</refColNames>
<transferable>true</transferable>
<rely>false</rely>
<columnDependencyConstraintGenerateInDDL>true</columnDependencyConstraintGenerateInDDL>
</FKIndexAssociation>