<?xml version = '1.0' encoding = 'UTF-8'?>
<FKIndexAssociation class="oracle.dbtools.crest.model.design.relational.FKIndexAssociation" directorySegmentName="seg_0" id="C85650F5-A21E-5AD0-410D-17F34575DFEB" containerWithKeyObject="15BDF37C-BD55-75D5-B940-1F116D25E954" localFKIndex="6A42A539-757E-201B-1401-9D17B22DCF01" name="VEHICULO_MODELO_VEHICULO_FK">
<createdBy>jbarr</createdBy>
<createdTime>2024-09-02 00:04:39 UTC</createdTime>
<generatorID>D77886AB-0931-DE6A-59DF-08620BA04ACB</generatorID>
<ownerDesignName>SEMANA4</ownerDesignName>
<referredTableLongName>MODELO_VEHICULO</referredTableLongName>
<deleteRule>NO ACTION</deleteRule>
<referredTableID>A81DB7CA-96AC-E840-4AEC-89371F46F6FB</referredTableID>
<keyObject>4BB6DCB6-100F-F350-7F00-9ACEB0423FBD</keyObject>
<referredKeyID>4BB6DCB6-100F-F350-7F00-9ACEB0423FBD</referredKeyID>
<mandatory>true</mandatory>
<refColNames>ID_MODELO</refColNames>
<transferable>true</transferable>
<rely>false</rely>
<columnDependencyConstraintGenerateInDDL>true</columnDependencyConstraintGenerateInDDL>
</FKIndexAssociation>