<?xml version = '1.0' encoding = 'UTF-8'?>
<FKIndexAssociation class="oracle.dbtools.crest.model.design.relational.FKIndexAssociation" directorySegmentName="seg_0" id="DDA8FFDD-4E77-6206-2731-40E2877D43A1" containerWithKeyObject="ECD870E8-0F8A-073F-9BA0-8FB48AE3746B" localFKIndex="48CEEA1A-8C84-8412-78F7-0EEDD1AEB0A3" name="ESTADO_VEHICULO_ORDEN_ATENCION_FK">
<createdBy>jbarr</createdBy>
<createdTime>2024-09-02 00:04:39 UTC</createdTime>
<generatorID>B6641644-0255-88B1-ECC0-BFE604ECD0AA</generatorID>
<ownerDesignName>SEMANA4</ownerDesignName>
<referredTableLongName>ORDEN_ATENCION</referredTableLongName>
<deleteRule>NO ACTION</deleteRule>
<referredTableID>4035FF24-578D-20DA-784E-6A0DCBE19931</referredTableID>
<keyObject>F46F9D90-089C-64FE-7D32-9373C734E5EB</keyObject>
<referredKeyID>F46F9D90-089C-64FE-7D32-9373C734E5EB</referredKeyID>
<mandatory>true</mandatory>
<refColNames>ID_ORDEN_ATENCION</refColNames>
<transferable>true</transferable>
<rely>false</rely>
<columnDependencyConstraintGenerateInDDL>true</columnDependencyConstraintGenerateInDDL>
</FKIndexAssociation>