<?xml version = '1.0' encoding = 'UTF-8'?>
<FKIndexAssociation class="oracle.dbtools.crest.model.design.relational.FKIndexAssociation" directorySegmentName="seg_0" id="E9058612-EBBA-D88D-F46E-4732AAE210D5" containerWithKeyObject="D3AE82EB-B339-296B-3664-CF3C5F6C8AA6" localFKIndex="34E86ECF-5B64-F3EC-49F0-1E8FEBD781BB" name="VALIDACION_SERVICIO_ORDEN_ATENCION_FK">
<createdBy>jbarr</createdBy>
<createdTime>2024-09-02 00:04:39 UTC</createdTime>
<generatorID>54B803D1-318B-A01E-C924-A2EB5ED2575E</generatorID>
<ownerDesignName>SEMANA4</ownerDesignName>
<referredTableLongName>ORDEN_ATENCION</referredTableLongName>
<deleteRule>NO ACTION</deleteRule>
<referredTableID>4035FF24-578D-20DA-784E-6A0DCBE19931</referredTableID>
<keyObject>F46F9D90-089C-64FE-7D32-9373C734E5EB</keyObject>
<referredKeyID>F46F9D90-089C-64FE-7D32-9373C734E5EB</referredKeyID>
<mandatory>true</mandatory>
<refColNames>ID_ORDEN_ATENCION</refColNames>
<transferable>true</transferable>
<rely>false</rely>
<columnDependencyConstraintGenerateInDDL>true</columnDependencyConstraintGenerateInDDL>
</FKIndexAssociation>