<?xml version = '1.0' encoding = 'UTF-8'?>
<FKIndexAssociation class="oracle.dbtools.crest.model.design.relational.FKIndexAssociation" directorySegmentName="seg_0" id="259F0036-482D-CE5E-A7E5-146F088747C4" containerWithKeyObject="D6D470B7-4344-101D-4E65-311C4930FDF2" localFKIndex="DF303C4B-CE43-3A56-6269-B1EAFAB81191" name="MARCA_VEHICULO_VEHICULO_FK">
<createdBy>jbarr</createdBy>
<createdTime>2024-09-01 22:45:04 UTC</createdTime>
<generatorID>777EBAE8-C885-75B0-61E0-4383F0F1BD73</generatorID>
<ownerDesignName>SEMANA4</ownerDesignName>
<importedID>891FCFCD-4096-64B0-38F7-F6E7E2499A8C</importedID>
<referredTableLongName>VEHICULO</referredTableLongName>
<arc>1EEFB425-69D7-7F25-969C-E97C53355C70</arc>
<deleteRule>NO ACTION</deleteRule>
<referredTableID>4579A7C7-3F65-F4B2-AC7A-3604F918DD4D</referredTableID>
<keyObject>D7152DAA-FF66-29F5-08EB-04E735148975</keyObject>
<referredKeyID>D7152DAA-FF66-29F5-08EB-04E735148975</referredKeyID>
<mandatory>true</mandatory>
<refColNames>PATENTE</refColNames>
<transferable>true</transferable>
<rely>false</rely>
<columnDependencyConstraintGenerateInDDL>true</columnDependencyConstraintGenerateInDDL>
</FKIndexAssociation>