<?xml version = '1.0' encoding = 'UTF-8'?>
<FKIndexAssociation class="oracle.dbtools.crest.model.design.relational.FKIndexAssociation" directorySegmentName="seg_0" id="399405DB-D0D5-30EE-67D7-2BE833F84094" containerWithKeyObject="75D9B9B3-A4CD-11A2-C373-88388F9D6F1B" localFKIndex="D1B39CF3-F84F-8A5E-C7F7-67B60A395496" name="MODELO_VEHICULO_VEHICULO_FK">
<createdBy>jbarr</createdBy>
<createdTime>2024-09-01 22:45:04 UTC</createdTime>
<generatorID>F52AEE11-A5F0-4BC0-0034-AB203F49F2FC</generatorID>
<ownerDesignName>SEMANA4</ownerDesignName>
<importedID>18F61ECB-6439-E4BB-4336-E0E9B7AAB403</importedID>
<referredTableLongName>VEHICULO</referredTableLongName>
<arc>1EEFB425-69D7-7F25-969C-E97C53355C70</arc>
<deleteRule>NO ACTION</deleteRule>
<referredTableID>4579A7C7-3F65-F4B2-AC7A-3604F918DD4D</referredTableID>
<keyObject>D7152DAA-FF66-29F5-08EB-04E735148975</keyObject>
<referredKeyID>D7152DAA-FF66-29F5-08EB-04E735148975</referredKeyID>
<mandatory>true</mandatory>
<refColNames>PATENTE</refColNames>
<transferable>true</transferable>
<rely>false</rely>
<columnDependencyConstraintGenerateInDDL>true</columnDependencyConstraintGenerateInDDL>
</FKIndexAssociation>