<?xml version = '1.0' encoding = 'UTF-8'?>
<FKIndexAssociation class="oracle.dbtools.crest.model.design.relational.FKIndexAssociation" directorySegmentName="seg_0" id="53CA7D95-08C5-1905-500E-7AD1C223FCD5" containerWithKeyObject="75D9B9B3-A4CD-11A2-C373-88388F9D6F1B" localFKIndex="80F48622-A6D6-2CBE-0672-0482BFF4A069" name="MODELO_VEHICULO_VEHICULO_FKv2">
<createdBy>jbarr</createdBy>
<createdTime>2024-09-01 22:45:04 UTC</createdTime>
<generatorID>D77886AB-0931-DE6A-59DF-08620BA04ACB</generatorID>
<ownerDesignName>SEMANA4</ownerDesignName>
<importedID>02C885FD-8BA6-8DE7-A570-57B40B831526</importedID>
<referredTableLongName>VEHICULO</referredTableLongName>
<deleteRule>NO ACTION</deleteRule>
<referredTableID>4579A7C7-3F65-F4B2-AC7A-3604F918DD4D</referredTableID>
<keyObject>D7152DAA-FF66-29F5-08EB-04E735148975</keyObject>
<referredKeyID>D7152DAA-FF66-29F5-08EB-04E735148975</referredKeyID>
<mandatory>true</mandatory>
<refColNames>PATENTE</refColNames>
<transferable>true</transferable>
<rely>false</rely>
<columnDependencyConstraintGenerateInDDL>true</columnDependencyConstraintGenerateInDDL>
</FKIndexAssociation>