<?xml version = '1.0' encoding = 'UTF-8'?>
<FKIndexAssociation class="oracle.dbtools.crest.model.design.relational.FKIndexAssociation" directorySegmentName="seg_0" id="5AB35BF4-F4A3-DD02-A0F8-D0D17480A686" containerWithKeyObject="4579A7C7-3F65-F4B2-AC7A-3604F918DD4D" localFKIndex="0AF0C24B-3A2F-D18C-2D49-C89996B25A46" name="VEHICULO_CLIENTE_FK">
<createdBy>jbarr</createdBy>
<createdTime>2024-09-01 22:45:04 UTC</createdTime>
<generatorID>F1118585-FEF2-6AA8-12BF-BB286BCEC953</generatorID>
<ownerDesignName>SEMANA4</ownerDesignName>
<importedID>9739E6EF-2CC0-7EBA-B7F7-B5A9592473B2</importedID>
<referredTableLongName>CLIENTE</referredTableLongName>
<deleteRule>NO ACTION</deleteRule>
<referredTableID>C3BCCF3D-B53E-8033-7C04-57FBE4CACE87</referredTableID>
<keyObject>456152F0-EA45-17AD-572A-EBD51C9A4ECF</keyObject>
<referredKeyID>456152F0-EA45-17AD-572A-EBD51C9A4ECF</referredKeyID>
<mandatory>true</mandatory>
<refColNames>RUT_CLIENTE</refColNames>
<transferable>true</transferable>
<rely>false</rely>
<columnDependencyConstraintGenerateInDDL>true</columnDependencyConstraintGenerateInDDL>
</FKIndexAssociation>