<?xml version = '1.0' encoding = 'UTF-8'?>
<FKIndexAssociation class="oracle.dbtools.crest.model.design.relational.FKIndexAssociation" directorySegmentName="seg_0" id="939F8D0A-8849-9C18-E414-4F5D25F51637" containerWithKeyObject="EBD1B354-0754-8E3F-B5E2-A28175B4DDBD" localFKIndex="35D8BF10-C67A-7424-F0DA-B3D91CEFC84F" name="AÑO_VEHICULO_VEHICULO_FK">
<createdBy>jbarr</createdBy>
<createdTime>2024-09-01 22:45:04 UTC</createdTime>
<generatorID>2B4F59D9-224E-A27E-2DD1-BDF627050A64</generatorID>
<ownerDesignName>SEMANA4</ownerDesignName>
<importedID>6D76C713-7DB7-74DF-61B1-30777558E244</importedID>
<referredTableLongName>VEHICULO</referredTableLongName>
<arc>1EEFB425-69D7-7F25-969C-E97C53355C70</arc>
<deleteRule>NO ACTION</deleteRule>
<referredTableID>4579A7C7-3F65-F4B2-AC7A-3604F918DD4D</referredTableID>
<keyObject>D7152DAA-FF66-29F5-08EB-04E735148975</keyObject>
<referredKeyID>D7152DAA-FF66-29F5-08EB-04E735148975</referredKeyID>
<mandatory>true</mandatory>
<refColNames>PATENTE</refColNames>
<transferable>true</transferable>
<rely>false</rely>
<columnDependencyConstraintGenerateInDDL>true</columnDependencyConstraintGenerateInDDL>
</FKIndexAssociation>