<?xml version = '1.0' encoding = 'UTF-8'?>
<FKIndexAssociation class="oracle.dbtools.crest.model.design.relational.FKIndexAssociation" directorySegmentName="seg_0" id="AD117736-482D-9765-FD3E-112163D3A35A" containerWithKeyObject="0C77E0C2-91B9-7D7A-252A-94BAFE0C7E13" localFKIndex="90875CAD-407A-B53D-4F55-3F177965DDDD" name="COLOR_VEHICULO_VEHICULO_FK">
<createdBy>jbarr</createdBy>
<createdTime>2024-09-01 22:45:04 UTC</createdTime>
<generatorID>9029B18E-67CB-B3CD-B847-8251F9A4E0DC</generatorID>
<ownerDesignName>SEMANA4</ownerDesignName>
<importedID>3B8C4DE6-FC39-D6C8-E1BE-40AE60382530</importedID>
<referredTableLongName>VEHICULO</referredTableLongName>
<arc>1EEFB425-69D7-7F25-969C-E97C53355C70</arc>
<deleteRule>NO ACTION</deleteRule>
<referredTableID>4579A7C7-3F65-F4B2-AC7A-3604F918DD4D</referredTableID>
<keyObject>D7152DAA-FF66-29F5-08EB-04E735148975</keyObject>
<referredKeyID>D7152DAA-FF66-29F5-08EB-04E735148975</referredKeyID>
<mandatory>true</mandatory>
<refColNames>PATENTE</refColNames>
<transferable>true</transferable>
<rely>false</rely>
<columnDependencyConstraintGenerateInDDL>true</columnDependencyConstraintGenerateInDDL>
</FKIndexAssociation>