<?xml version = '1.0' encoding = 'UTF-8'?>
<FKIndexAssociation class="oracle.dbtools.crest.model.design.relational.FKIndexAssociation" directorySegmentName="seg_0" id="BEEDDB0C-13DF-4B2B-BFBE-68FEB79E228F" containerWithKeyObject="C23955E4-917B-AA9B-CF89-C5808108B2D7" localFKIndex="F6B87D9D-71BF-2A0F-1F33-8AF564E5578D" name="CONTACTO_CLIENTE_CLIENTE_FK">
<createdBy>jbarr</createdBy>
<createdTime>2024-09-01 22:45:04 UTC</createdTime>
<generatorID>478F9EA1-ED74-4649-9AA5-CB9ED0F4AC06</generatorID>
<ownerDesignName>SEMANA4</ownerDesignName>
<importedID>482B764D-60F6-CA29-2D18-55CC8CA4DE15</importedID>
<referredTableLongName>CLIENTE</referredTableLongName>
<deleteRule>NO ACTION</deleteRule>
<referredTableID>C3BCCF3D-B53E-8033-7C04-57FBE4CACE87</referredTableID>
<keyObject>456152F0-EA45-17AD-572A-EBD51C9A4ECF</keyObject>
<referredKeyID>456152F0-EA45-17AD-572A-EBD51C9A4ECF</referredKeyID>
<mandatory>true</mandatory>
<refColNames>RUT_CLIENTE</refColNames>
<transferable>true</transferable>
<rely>false</rely>
<columnDependencyConstraintGenerateInDDL>true</columnDependencyConstraintGenerateInDDL>
</FKIndexAssociation>