<?xml version = '1.0' encoding = 'UTF-8'?>
<FKIndexAssociation class="oracle.dbtools.crest.model.design.relational.FKIndexAssociation" directorySegmentName="seg_0" id="FB9ADAE1-CC35-1B30-540E-8AFCEE910FA1" containerWithKeyObject="EBD1B354-0754-8E3F-B5E2-A28175B4DDBD" localFKIndex="C5236290-4911-FDE1-3622-1EBC1BB36BD2" name="AÑO_VEHICULO_VEHICULO_FKv2">
<createdBy>jbarr</createdBy>
<createdTime>2024-09-01 22:45:04 UTC</createdTime>
<generatorID>FD10CB29-EA5E-55D8-BBB0-34CBF32B36D4</generatorID>
<ownerDesignName>SEMANA4</ownerDesignName>
<importedID>6D761837-8B07-5CA8-E4E1-C72DBD94F157</importedID>
<referredTableLongName>VEHICULO</referredTableLongName>
<deleteRule>NO ACTION</deleteRule>
<referredTableID>4579A7C7-3F65-F4B2-AC7A-3604F918DD4D</referredTableID>
<keyObject>D7152DAA-FF66-29F5-08EB-04E735148975</keyObject>
<referredKeyID>D7152DAA-FF66-29F5-08EB-04E735148975</referredKeyID>
<mandatory>true</mandatory>
<refColNames>PATENTE</refColNames>
<transferable>true</transferable>
<rely>false</rely>
<columnDependencyConstraintGenerateInDDL>true</columnDependencyConstraintGenerateInDDL>
</FKIndexAssociation>