<?xml version = '1.0' encoding = 'UTF-8'?>
<Table class="oracle.dbtools.crest.model.design.relational.Table" directorySegmentName="seg_0" id="016CC407-C926-599D-AE43-0FAD3467F957" name="SEGUIMIENTO">
<createdBy>jbarr</createdBy>
<createdTime>2024-09-02 00:04:39 UTC</createdTime>
<generatorID>3D41F1EE-39B3-F814-621C-DBCFE0C232D9</generatorID>
<ownerDesignName>SEMANA4</ownerDesignName>
<allowColumnReorder>false</allowColumnReorder>
<existDependencyGenerateInDDl>true</existDependencyGenerateInDDl>
<parsed>true</parsed>
<columns itemClass="oracle.dbtools.crest.model.design.relational.Column">
<Column name="ID_SEGUIMIENTO" id="51FB66E6-989B-DF8D-B288-93D2194095E3">
<createdBy>jbarr</createdBy>
<createdTime>2024-09-02 00:04:39 UTC</createdTime>
<generatorID>99DF4E90-2D97-D7E0-119A-E2D137D24178</generatorID>
<ownerDesignName>SEMANA4</ownerDesignName>
<useDomainConstraints>false</useDomainConstraints>
<use>1</use>
<logicalDatatype>LOGDT019</logicalDatatype>
<dataTypePrecision>10</dataTypePrecision>
<ownDataTypeParameters>,10,</ownDataTypeParameters>
<autoIncrementCycle>false</autoIncrementCycle>
</Column>
<Column name="FECHA_HORA" id="DCC206CA-4802-2784-79DC-B0BD6F14BA67">
<createdBy>jbarr</createdBy>
<createdTime>2024-09-02 00:04:39 UTC</createdTime>
<generatorID>821F4F10-04DF-1F55-FB99-894F71CA9D6A</generatorID>
<ownerDesignName>SEMANA4</ownerDesignName>
<useDomainConstraints>false</useDomainConstraints>
<use>1</use>
<logicalDatatype>LOGDT008</logicalDatatype>
<ownDataTypeParameters>,,</ownDataTypeParameters>
<autoIncrementCycle>false</autoIncrementCycle>
</Column>
<Column name="ORDEN_ATENCION_ID_ORDEN_ATENCION" id="641AEEF5-80B1-E6B1-347C-3F8B2CD42D56">
<createdBy>jbarr</createdBy>
<createdTime>2024-09-02 00:04:39 UTC</createdTime>
<generatorID>DCD19FFE-EE24-9F44-33C9-C4E7D1B3CD03</generatorID>
<ownerDesignName>SEMANA4</ownerDesignName>
<useDomainConstraints>false</useDomainConstraints>
<use>1</use>
<logicalDatatype>LOGDT019</logicalDatatype>
<dataTypePrecision>10</dataTypePrecision>
<ownDataTypeParameters>,,</ownDataTypeParameters>
<previousColumn>false</previousColumn>
<autoIncrementCycle>false</autoIncrementCycle>
<associations>
<colAssociation fkAssociation="BAC869C2-1ADC-ABBA-B17E-A7A7879F483C" referredColumn="94130DF2-A8B0-3F31-8C7A-85CCFA680F0F"/>
</associations>
</Column>
<Column name="ESTADO_VEHICULO_ID_ESTADO_VEHICULO" id="D47C7CB3-B99F-9FB4-6DEE-BFC9CC71A476">
<createdBy>jbarr</createdBy>
<createdTime>2024-09-02 00:04:39 UTC</createdTime>
<generatorID>46B767AA-B000-C087-33A2-D6D0ED266CDA</generatorID>
<ownerDesignName>SEMANA4</ownerDesignName>
<useDomainConstraints>false</useDomainConstraints>
<use>1</use>
<logicalDatatype>LOGDT019</logicalDatatype>
<dataTypePrecision>10</dataTypePrecision>
<ownDataTypeParameters>,,</ownDataTypeParameters>
<previousColumn>false</previousColumn>
<autoIncrementCycle>false</autoIncrementCycle>
<associations>
<colAssociation fkAssociation="4328301F-67F5-47A7-AB5A-7076A3FC6733" referredColumn="19C61894-228A-5126-8B1C-1168224A2900"/>
</associations>
</Column>
</columns>
<indexes itemClass="oracle.dbtools.crest.model.design.relational.Index">
<ind_PK_UK id="345B2E82-E820-22E5-F40C-EF3960853A21" name="SEGUIMIENTO_PK">
<createdBy>jbarr</createdBy>
<createdTime>2024-09-02 00:04:39 UTC</createdTime>
<generatorID>B3B17CCD-D2DE-F7FD-0B2B-5E101C4AD583</generatorID>
<ownerDesignName>SEMANA4</ownerDesignName>
<pk>true</pk>
<indexState>Primary Constraint</indexState>
<isSurrogateKey>false</isSurrogateKey>
<indexColumnUsage>
<colUsage columnID="51FB66E6-989B-DF8D-B288-93D2194095E3"/>
</indexColumnUsage>
</ind_PK_UK>
<ind_PK_UK id="735C3BD6-7CDD-39BD-CBFE-B7B73EA89E56" name="SEGUIMIENTO__IDX">
<createdBy>jbarr</createdBy>
<createdTime>2024-09-02 00:04:39 UTC</createdTime>
<ownerDesignName>SEMANA4</ownerDesignName>
<indexState>Unique Plain Index</indexState>
<isSurrogateKey>false</isSurrogateKey>
<relationGeneratorID>7786A160-2AE1-D4CD-77DB-347428A31A87</relationGeneratorID>
<indexColumnUsage>
<colUsage columnID="641AEEF5-80B1-E6B1-347C-3F8B2CD42D56"/>
</indexColumnUsage>
</ind_PK_UK>
<ind_PK_UK id="45487F2F-51F7-B92B-52E9-ED77D773AC0C" name="SEGUIMIENTO__IDXv1">
<createdBy>jbarr</createdBy>
<createdTime>2024-09-02 00:04:39 UTC</createdTime>
<ownerDesignName>SEMANA4</ownerDesignName>
<indexState>Unique Plain Index</indexState>
<isSurrogateKey>false</isSurrogateKey>
<relationGeneratorID>9B4EFD54-9032-BB4B-639C-71760662ABC4</relationGeneratorID>
<indexColumnUsage>
<colUsage columnID="D47C7CB3-B99F-9FB4-6DEE-BFC9CC71A476"/>
</indexColumnUsage>
</ind_PK_UK>
<ind_PK_UK id="345FF3E6-C259-2E59-F4F3-606B6C74A286" name="SEGUIMIENTO_ORDEN_ATENCION_FK">
<createdBy>jbarr</createdBy>
<createdTime>2024-09-02 00:04:39 UTC</createdTime>
<generatorID>7786A160-2AE1-D4CD-77DB-347428A31A87</generatorID>
<ownerDesignName>SEMANA4</ownerDesignName>
<indexState>Foreign Key</indexState>
<isSurrogateKey>false</isSurrogateKey>
<indexColumnUsage>
<colUsage columnID="641AEEF5-80B1-E6B1-347C-3F8B2CD42D56"/>
</indexColumnUsage>
</ind_PK_UK>
<ind_PK_UK id="B2842852-EE76-8601-223B-9F78DCD11ADE" name="SEGUIMIENTO_ESTADO_VEHICULO_FK">
<createdBy>jbarr</createdBy>
<createdTime>2024-09-02 00:04:39 UTC</createdTime>
<generatorID>9B4EFD54-9032-BB4B-639C-71760662ABC4</generatorID>
<ownerDesignName>SEMANA4</ownerDesignName>
<indexState>Foreign Key</indexState>
<isSurrogateKey>false</isSurrogateKey>
<indexColumnUsage>
<colUsage columnID="D47C7CB3-B99F-9FB4-6DEE-BFC9CC71A476"/>
</indexColumnUsage>
</ind_PK_UK>
</indexes>
</Table>