<?xml version = '1.0' encoding = 'UTF-8'?>
<Table class="oracle.dbtools.crest.model.design.relational.Table" directorySegmentName="seg_0" id="0B605923-E8D0-7353-778D-7646D4BE589C" name="AÑO_VEHICULO">
<createdBy>jbarr</createdBy>
<createdTime>2024-09-02 00:04:39 UTC</createdTime>
<generatorID>71B5D3C9-E213-B1AF-1A63-07A1F5806C49</generatorID>
<ownerDesignName>SEMANA4</ownerDesignName>
<allowColumnReorder>false</allowColumnReorder>
<existDependencyGenerateInDDl>true</existDependencyGenerateInDDl>
<parsed>true</parsed>
<columns itemClass="oracle.dbtools.crest.model.design.relational.Column">
<Column name="ID_AÑO" id="F1F8EBDB-DF53-2E6E-0751-A1A38E59B1A0">
<createdBy>jbarr</createdBy>
<createdTime>2024-09-02 00:04:39 UTC</createdTime>
<generatorID>7BF7119A-47C2-DC63-8864-23DD52E3CE35</generatorID>
<ownerDesignName>SEMANA4</ownerDesignName>
<useDomainConstraints>false</useDomainConstraints>
<use>1</use>
<logicalDatatype>LOGDT019</logicalDatatype>
<dataTypePrecision>10</dataTypePrecision>
<ownDataTypeParameters>,10,</ownDataTypeParameters>
<autoIncrementCycle>false</autoIncrementCycle>
</Column>
<Column name="AÑO" id="D4BAF8F7-F7C8-8860-D72C-39406B296CAA">
<createdBy>jbarr</createdBy>
<createdTime>2024-09-02 00:04:39 UTC</createdTime>
<generatorID>5ACD7607-5217-FFE3-701D-273D728468D1</generatorID>
<ownerDesignName>SEMANA4</ownerDesignName>
<useDomainConstraints>false</useDomainConstraints>
<use>1</use>
<logicalDatatype>LOGDT007</logicalDatatype>
<ownDataTypeParameters>,,</ownDataTypeParameters>
<autoIncrementCycle>false</autoIncrementCycle>
</Column>
<Column name="VEHICULO_PATENTE" id="5659115A-9C59-9B0F-B0B9-19C053D8EF9B">
<createdBy>jbarr</createdBy>
<createdTime>2024-09-02 00:04:39 UTC</createdTime>
<generatorID>9528DCE3-5896-E7F9-F41D-945D6DCA7559</generatorID>
<ownerDesignName>SEMANA4</ownerDesignName>
<useDomainConstraints>false</useDomainConstraints>
<use>1</use>
<logicalDatatype>LOGDT019</logicalDatatype>
<dataTypePrecision>6</dataTypePrecision>
<ownDataTypeParameters>,,</ownDataTypeParameters>
<previousColumn>false</previousColumn>
<autoIncrementCycle>false</autoIncrementCycle>
<associations>
<colAssociation fkAssociation="8C71A581-565D-D944-242B-3C99929C5C42" referredColumn="090B731F-822E-B809-BFD2-E641D41A9B72"/>
</associations>
</Column>
</columns>
<indexes itemClass="oracle.dbtools.crest.model.design.relational.Index">
<ind_PK_UK id="11D9F031-4A51-7579-387F-9F0A16DDE6CB" name="AÑO_VEHICULO_PK">
<createdBy>jbarr</createdBy>
<createdTime>2024-09-02 00:04:39 UTC</createdTime>
<generatorID>F67778A9-CF0C-A469-61F9-E9703EB7F6BA</generatorID>
<ownerDesignName>SEMANA4</ownerDesignName>
<pk>true</pk>
<indexState>Primary Constraint</indexState>
<isSurrogateKey>false</isSurrogateKey>
<indexColumnUsage>
<colUsage columnID="F1F8EBDB-DF53-2E6E-0751-A1A38E59B1A0"/>
</indexColumnUsage>
</ind_PK_UK>
<ind_PK_UK id="D69901A3-0286-55BC-CB42-DA5D1EFDF6BC" name="AÑO_VEHICULO__IDX">
<createdBy>jbarr</createdBy>
<createdTime>2024-09-02 00:04:39 UTC</createdTime>
<ownerDesignName>SEMANA4</ownerDesignName>
<indexState>Unique Plain Index</indexState>
<isSurrogateKey>false</isSurrogateKey>
<relationGeneratorID>FD10CB29-EA5E-55D8-BBB0-34CBF32B36D4</relationGeneratorID>
<indexColumnUsage>
<colUsage columnID="5659115A-9C59-9B0F-B0B9-19C053D8EF9B"/>
</indexColumnUsage>
</ind_PK_UK>
<ind_PK_UK id="E3F56690-1B6A-B690-5EFF-567267C747B0" name="AÑO_VEHICULO_VEHICULO_FK">
<createdBy>jbarr</createdBy>
<createdTime>2024-09-02 00:04:39 UTC</createdTime>
<generatorID>FD10CB29-EA5E-55D8-BBB0-34CBF32B36D4</generatorID>
<ownerDesignName>SEMANA4</ownerDesignName>
<indexState>Foreign Key</indexState>
<isSurrogateKey>false</isSurrogateKey>
<indexColumnUsage>
<colUsage columnID="5659115A-9C59-9B0F-B0B9-19C053D8EF9B"/>
</indexColumnUsage>
</ind_PK_UK>
</indexes>
</Table>