<?xml version = '1.0' encoding = 'UTF-8'?>
<Table class="oracle.dbtools.crest.model.design.relational.Table" directorySegmentName="seg_0" id="15BDF37C-BD55-75D5-B940-1F116D25E954" name="VEHICULO">
<createdBy>jbarr</createdBy>
<createdTime>2024-09-02 00:04:39 UTC</createdTime>
<generatorID>3CB8A065-8E82-1EE3-2267-91A39CDAD0F6</generatorID>
<ownerDesignName>SEMANA4</ownerDesignName>
<allowColumnReorder>false</allowColumnReorder>
<existDependencyGenerateInDDl>true</existDependencyGenerateInDDl>
<parsed>true</parsed>
<columns itemClass="oracle.dbtools.crest.model.design.relational.Column">
<Column name="PATENTE" id="090B731F-822E-B809-BFD2-E641D41A9B72">
<createdBy>jbarr</createdBy>
<createdTime>2024-09-02 00:04:39 UTC</createdTime>
<generatorID>260D312F-A69F-FF2C-F0C4-C617B13A41EC</generatorID>
<ownerDesignName>SEMANA4</ownerDesignName>
<useDomainConstraints>false</useDomainConstraints>
<use>1</use>
<logicalDatatype>LOGDT019</logicalDatatype>
<dataTypePrecision>6</dataTypePrecision>
<ownDataTypeParameters>,6,</ownDataTypeParameters>
<autoIncrementCycle>false</autoIncrementCycle>
</Column>
<Column name="CLIENTE_RUT_CLIENTE" id="C4ED5A74-DD75-3CE4-4315-94030BFCF891">
<createdBy>jbarr</createdBy>
<createdTime>2024-09-02 00:04:39 UTC</createdTime>
<generatorID>C3B17297-2FE8-16F5-F30A-C16306C7ACFA</generatorID>
<ownerDesignName>SEMANA4</ownerDesignName>
<useDomainConstraints>false</useDomainConstraints>
<use>1</use>
<logicalDatatype>LOGDT019</logicalDatatype>
<dataTypePrecision>10</dataTypePrecision>
<ownDataTypeParameters>,,</ownDataTypeParameters>
<previousColumn>false</previousColumn>
<autoIncrementCycle>false</autoIncrementCycle>
<associations>
<colAssociation fkAssociation="37ECEAB1-DEF2-91CC-5889-D93F8EBDF3D6" referredColumn="5B00354E-B2B0-DD11-B7B2-F376BA52508A"/>
</associations>
</Column>
<Column name="MODELO_VEHICULO_ID_MODELO" id="24B95F2C-7812-7055-A99F-FDA15852AA7D">
<createdBy>jbarr</createdBy>
<createdTime>2024-09-02 00:04:39 UTC</createdTime>
<generatorID>2C952FCE-0E8F-BE0C-D5A5-C112DDDD9513</generatorID>
<ownerDesignName>SEMANA4</ownerDesignName>
<useDomainConstraints>false</useDomainConstraints>
<use>1</use>
<logicalDatatype>LOGDT019</logicalDatatype>
<dataTypePrecision>10</dataTypePrecision>
<ownDataTypeParameters>,,</ownDataTypeParameters>
<previousColumn>false</previousColumn>
<autoIncrementCycle>false</autoIncrementCycle>
<associations>
<colAssociation fkAssociation="C85650F5-A21E-5AD0-410D-17F34575DFEB" referredColumn="C76458C9-766B-7354-0270-FC3FC1BCCB97"/>
</associations>
</Column>
<Column name="MARCA_VEHICULO_ID_MARCA" id="91D779C3-1013-0E23-4531-D95CF21DD8A3">
<createdBy>jbarr</createdBy>
<createdTime>2024-09-02 00:04:39 UTC</createdTime>
<generatorID>EDB7CCAA-C30B-665A-3FE7-3F0B168E089E</generatorID>
<ownerDesignName>SEMANA4</ownerDesignName>
<useDomainConstraints>false</useDomainConstraints>
<use>1</use>
<logicalDatatype>LOGDT019</logicalDatatype>
<dataTypePrecision>10</dataTypePrecision>
<ownDataTypeParameters>,,</ownDataTypeParameters>
<previousColumn>false</previousColumn>
<autoIncrementCycle>false</autoIncrementCycle>
<associations>
<colAssociation fkAssociation="533EE1B5-3C83-73F2-7CCA-923A7A9D770C" referredColumn="CD20B540-F3E5-029E-F303-9ADBBF791A0F"/>
</associations>
</Column>
<Column name="COLOR_VEHICULO_ID_COLOR" id="B0A5CD0A-2CCD-4EDE-A6AF-EC451F472E48">
<createdBy>jbarr</createdBy>
<createdTime>2024-09-02 00:04:39 UTC</createdTime>
<generatorID>43830993-D854-F08E-C40C-72F3DDC61C65</generatorID>
<ownerDesignName>SEMANA4</ownerDesignName>
<useDomainConstraints>false</useDomainConstraints>
<use>1</use>
<logicalDatatype>LOGDT019</logicalDatatype>
<dataTypePrecision>3</dataTypePrecision>
<ownDataTypeParameters>,,</ownDataTypeParameters>
<previousColumn>false</previousColumn>
<autoIncrementCycle>false</autoIncrementCycle>
<associations>
<colAssociation fkAssociation="A54D9048-E7A8-AA93-4153-9F552C742E94" referredColumn="4B7D12AB-2A0E-4FB7-022B-F962609A5129"/>
</associations>
</Column>
<Column name="AÑO_VEHICULO_ID_AÑO" id="09831834-B2FD-C104-B22D-DDA9F62DEEA6">
<createdBy>jbarr</createdBy>
<createdTime>2024-09-02 00:04:39 UTC</createdTime>
<generatorID>E3708381-3A0C-037A-658F-194B53FBAA55</generatorID>
<ownerDesignName>SEMANA4</ownerDesignName>
<useDomainConstraints>false</useDomainConstraints>
<use>1</use>
<logicalDatatype>LOGDT019</logicalDatatype>
<dataTypePrecision>10</dataTypePrecision>
<ownDataTypeParameters>,,</ownDataTypeParameters>
<previousColumn>false</previousColumn>
<autoIncrementCycle>false</autoIncrementCycle>
<associations>
<colAssociation fkAssociation="5961B3E5-272B-1062-3E3B-3F741FDD1726" referredColumn="F1F8EBDB-DF53-2E6E-0751-A1A38E59B1A0"/>
</associations>
</Column>
</columns>
<indexes itemClass="oracle.dbtools.crest.model.design.relational.Index">
<ind_PK_UK id="7670DDB9-2C2C-5486-E6FC-0F5B82131207" name="VEHICULO_PK">
<createdBy>jbarr</createdBy>
<createdTime>2024-09-02 00:04:39 UTC</createdTime>
<generatorID>FAF94444-FAFC-3191-AB6E-F4AA6BC94479</generatorID>
<ownerDesignName>SEMANA4</ownerDesignName>
<pk>true</pk>
<indexState>Primary Constraint</indexState>
<isSurrogateKey>false</isSurrogateKey>
<indexColumnUsage>
<colUsage columnID="090B731F-822E-B809-BFD2-E641D41A9B72"/>
</indexColumnUsage>
</ind_PK_UK>
<ind_PK_UK id="F248E6B9-9906-8512-C850-A4BC69508F78" name="VEHICULO__IDX">
<createdBy>jbarr</createdBy>
<createdTime>2024-09-02 00:04:39 UTC</createdTime>
<ownerDesignName>SEMANA4</ownerDesignName>
<indexState>Unique Plain Index</indexState>
<isSurrogateKey>false</isSurrogateKey>
<relationGeneratorID>C73FA435-0A56-5CA7-F3DE-05BC972A4377</relationGeneratorID>
<indexColumnUsage>
<colUsage columnID="B0A5CD0A-2CCD-4EDE-A6AF-EC451F472E48"/>
</indexColumnUsage>
</ind_PK_UK>
<ind_PK_UK id="BC64E7B4-4ED8-E056-30D8-FD56A4DCC23D" name="VEHICULO__IDXv1">
<createdBy>jbarr</createdBy>
<createdTime>2024-09-02 00:04:39 UTC</createdTime>
<ownerDesignName>SEMANA4</ownerDesignName>
<indexState>Unique Plain Index</indexState>
<isSurrogateKey>false</isSurrogateKey>
<relationGeneratorID>32A3E5AC-0E5F-115F-2220-7C6107AE81B5</relationGeneratorID>
<indexColumnUsage>
<colUsage columnID="91D779C3-1013-0E23-4531-D95CF21DD8A3"/>
</indexColumnUsage>
</ind_PK_UK>
<ind_PK_UK id="3DF18C02-D464-A057-7E50-1F60F538A620" name="VEHICULO__IDXv2">
<createdBy>jbarr</createdBy>
<createdTime>2024-09-02 00:04:39 UTC</createdTime>
<ownerDesignName>SEMANA4</ownerDesignName>
<indexState>Unique Plain Index</indexState>
<isSurrogateKey>false</isSurrogateKey>
<relationGeneratorID>D77886AB-0931-DE6A-59DF-08620BA04ACB</relationGeneratorID>
<indexColumnUsage>
<colUsage columnID="24B95F2C-7812-7055-A99F-FDA15852AA7D"/>
</indexColumnUsage>
</ind_PK_UK>
<ind_PK_UK id="BE80260D-D533-D3CA-6F33-370DB242F312" name="VEHICULO__IDXv3">
<createdBy>jbarr</createdBy>
<createdTime>2024-09-02 00:04:39 UTC</createdTime>
<ownerDesignName>SEMANA4</ownerDesignName>
<indexState>Unique Plain Index</indexState>
<isSurrogateKey>false</isSurrogateKey>
<relationGeneratorID>FD10CB29-EA5E-55D8-BBB0-34CBF32B36D4</relationGeneratorID>
<indexColumnUsage>
<colUsage columnID="09831834-B2FD-C104-B22D-DDA9F62DEEA6"/>
</indexColumnUsage>
</ind_PK_UK>
<ind_PK_UK id="68695E98-2BD7-A7C1-A726-7474B461805E" name="VEHICULO_CLIENTE_FK">
<createdBy>jbarr</createdBy>
<createdTime>2024-09-02 00:04:39 UTC</createdTime>
<generatorID>F1118585-FEF2-6AA8-12BF-BB286BCEC953</generatorID>
<ownerDesignName>SEMANA4</ownerDesignName>
<indexState>Foreign Key</indexState>
<isSurrogateKey>false</isSurrogateKey>
<indexColumnUsage>
<colUsage columnID="C4ED5A74-DD75-3CE4-4315-94030BFCF891"/>
</indexColumnUsage>
</ind_PK_UK>
<ind_PK_UK id="7BD49493-8772-0592-77DD-09BA48B2D947" name="VEHICULO_COLOR_VEHICULO_FK">
<createdBy>jbarr</createdBy>
<createdTime>2024-09-02 00:04:39 UTC</createdTime>
<generatorID>C73FA435-0A56-5CA7-F3DE-05BC972A4377</generatorID>
<ownerDesignName>SEMANA4</ownerDesignName>
<indexState>Foreign Key</indexState>
<isSurrogateKey>false</isSurrogateKey>
<indexColumnUsage>
<colUsage columnID="B0A5CD0A-2CCD-4EDE-A6AF-EC451F472E48"/>
</indexColumnUsage>
</ind_PK_UK>
<ind_PK_UK id="FFF3F296-5887-7A7F-FE41-2D7188BDCAFA" name="VEHICULO_MARCA_VEHICULO_FK">
<createdBy>jbarr</createdBy>
<createdTime>2024-09-02 00:04:39 UTC</createdTime>
<generatorID>32A3E5AC-0E5F-115F-2220-7C6107AE81B5</generatorID>
<ownerDesignName>SEMANA4</ownerDesignName>
<indexState>Foreign Key</indexState>
<isSurrogateKey>false</isSurrogateKey>
<indexColumnUsage>
<colUsage columnID="91D779C3-1013-0E23-4531-D95CF21DD8A3"/>
</indexColumnUsage>
</ind_PK_UK>
<ind_PK_UK id="6A42A539-757E-201B-1401-9D17B22DCF01" name="VEHICULO_MODELO_VEHICULO_FK">
<createdBy>jbarr</createdBy>
<createdTime>2024-09-02 00:04:39 UTC</createdTime>
<generatorID>D77886AB-0931-DE6A-59DF-08620BA04ACB</generatorID>
<ownerDesignName>SEMANA4</ownerDesignName>
<indexState>Foreign Key</indexState>
<isSurrogateKey>false</isSurrogateKey>
<indexColumnUsage>
<colUsage columnID="24B95F2C-7812-7055-A99F-FDA15852AA7D"/>
</indexColumnUsage>
</ind_PK_UK>
<ind_PK_UK id="6107F5ED-5106-D5B3-2199-FB168DEDD825" name="VEHICULO_AÑO_VEHICULO_FK">
<createdBy>jbarr</createdBy>
<createdTime>2024-09-02 00:04:39 UTC</createdTime>
<generatorID>FD10CB29-EA5E-55D8-BBB0-34CBF32B36D4</generatorID>
<ownerDesignName>SEMANA4</ownerDesignName>
<indexState>Foreign Key</indexState>
<isSurrogateKey>false</isSurrogateKey>
<indexColumnUsage>
<colUsage columnID="09831834-B2FD-C104-B22D-DDA9F62DEEA6"/>
</indexColumnUsage>
</ind_PK_UK>
</indexes>
</Table>