<?xml version = '1.0' encoding = 'UTF-8'?>
<Table class="oracle.dbtools.crest.model.design.relational.Table" directorySegmentName="seg_0" id="386EE9A4-66C5-B2F9-48E3-3BB251B35CBF" name="COLOR_VEHICULO">
<createdBy>jbarr</createdBy>
<createdTime>2024-09-02 00:04:39 UTC</createdTime>
<generatorID>7AB22C9D-4C23-928C-3C0F-C95015CA8E74</generatorID>
<ownerDesignName>SEMANA4</ownerDesignName>
<allowColumnReorder>false</allowColumnReorder>
<existDependencyGenerateInDDl>true</existDependencyGenerateInDDl>
<parsed>true</parsed>
<columns itemClass="oracle.dbtools.crest.model.design.relational.Column">
<Column name="ID_COLOR" id="4B7D12AB-2A0E-4FB7-022B-F962609A5129">
<createdBy>jbarr</createdBy>
<createdTime>2024-09-02 00:04:39 UTC</createdTime>
<generatorID>3FAE0167-00FA-16A9-0486-8711F2E6EAF1</generatorID>
<ownerDesignName>SEMANA4</ownerDesignName>
<useDomainConstraints>false</useDomainConstraints>
<use>1</use>
<logicalDatatype>LOGDT019</logicalDatatype>
<dataTypePrecision>3</dataTypePrecision>
<ownDataTypeParameters>,3,</ownDataTypeParameters>
<autoIncrementCycle>false</autoIncrementCycle>
</Column>
<Column name="COLOR" id="E66598C6-EEC2-D97B-2E30-EB0971EEF426">
<createdBy>jbarr</createdBy>
<createdTime>2024-09-02 00:04:39 UTC</createdTime>
<generatorID>5D1F102C-79C4-D340-7DA1-377428F551DA</generatorID>
<ownerDesignName>SEMANA4</ownerDesignName>
<useDomainConstraints>false</useDomainConstraints>
<use>1</use>
<logicalDatatype>LOGDT024</logicalDatatype>
<dataTypeSize>10 CHAR</dataTypeSize>
<ownDataTypeParameters>10 CHAR,,</ownDataTypeParameters>
<autoIncrementCycle>false</autoIncrementCycle>
</Column>
<Column name="VEHICULO_PATENTE" id="0DB69A38-827D-081D-73C2-1C09CB30C1B9">
<createdBy>jbarr</createdBy>
<createdTime>2024-09-02 00:04:39 UTC</createdTime>
<generatorID>4F61BEC7-474A-6B04-2685-85D7AA481C70</generatorID>
<ownerDesignName>SEMANA4</ownerDesignName>
<useDomainConstraints>false</useDomainConstraints>
<use>1</use>
<logicalDatatype>LOGDT019</logicalDatatype>
<dataTypePrecision>6</dataTypePrecision>
<ownDataTypeParameters>,,</ownDataTypeParameters>
<previousColumn>false</previousColumn>
<autoIncrementCycle>false</autoIncrementCycle>
<associations>
<colAssociation fkAssociation="7F7CADEB-90BE-711E-343E-7FBBECBD47C3" referredColumn="090B731F-822E-B809-BFD2-E641D41A9B72"/>
</associations>
</Column>
</columns>
<indexes itemClass="oracle.dbtools.crest.model.design.relational.Index">
<ind_PK_UK id="D239C17A-70FD-1AD4-D35B-CD80E67965BB" name="COLOR_VEHICULO_PK">
<createdBy>jbarr</createdBy>
<createdTime>2024-09-02 00:04:39 UTC</createdTime>
<generatorID>4984991F-4539-9898-E15A-0B864B5B14E3</generatorID>
<ownerDesignName>SEMANA4</ownerDesignName>
<pk>true</pk>
<indexState>Primary Constraint</indexState>
<isSurrogateKey>false</isSurrogateKey>
<indexColumnUsage>
<colUsage columnID="4B7D12AB-2A0E-4FB7-022B-F962609A5129"/>
</indexColumnUsage>
</ind_PK_UK>
<ind_PK_UK id="223C4642-17CF-40E3-A19B-04BCDC73933B" name="COLOR_VEHICULO__IDX">
<createdBy>jbarr</createdBy>
<createdTime>2024-09-02 00:04:39 UTC</createdTime>
<ownerDesignName>SEMANA4</ownerDesignName>
<indexState>Unique Plain Index</indexState>
<isSurrogateKey>false</isSurrogateKey>
<relationGeneratorID>C73FA435-0A56-5CA7-F3DE-05BC972A4377</relationGeneratorID>
<indexColumnUsage>
<colUsage columnID="0DB69A38-827D-081D-73C2-1C09CB30C1B9"/>
</indexColumnUsage>
</ind_PK_UK>
<ind_PK_UK id="E43350F0-21A7-4CD7-0460-F1CF7A949DBB" name="COLOR_VEHICULO_VEHICULO_FK">
<createdBy>jbarr</createdBy>
<createdTime>2024-09-02 00:04:39 UTC</createdTime>
<generatorID>C73FA435-0A56-5CA7-F3DE-05BC972A4377</generatorID>
<ownerDesignName>SEMANA4</ownerDesignName>
<indexState>Foreign Key</indexState>
<isSurrogateKey>false</isSurrogateKey>
<indexColumnUsage>
<colUsage columnID="0DB69A38-827D-081D-73C2-1C09CB30C1B9"/>
</indexColumnUsage>
</ind_PK_UK>
</indexes>
</Table>