<?xml version = '1.0' encoding = 'UTF-8'?>
<Table class="oracle.dbtools.crest.model.design.relational.Table" directorySegmentName="seg_0" id="4035FF24-578D-20DA-784E-6A0DCBE19931" name="ORDEN_ATENCION">
<createdBy>jbarr</createdBy>
<createdTime>2024-09-02 00:04:39 UTC</createdTime>
<generatorID>024A7492-7AB0-1BFB-FB66-8D00A169BBE0</generatorID>
<ownerDesignName>SEMANA4</ownerDesignName>
<allowColumnReorder>false</allowColumnReorder>
<existDependencyGenerateInDDl>true</existDependencyGenerateInDDl>
<parsed>true</parsed>
<columns itemClass="oracle.dbtools.crest.model.design.relational.Column">
<Column name="ID_ORDEN_ATENCION" id="94130DF2-A8B0-3F31-8C7A-85CCFA680F0F">
<createdBy>jbarr</createdBy>
<createdTime>2024-09-02 00:04:39 UTC</createdTime>
<generatorID>9774193D-A9AD-3F55-6C44-5B042E1F1CD7</generatorID>
<ownerDesignName>SEMANA4</ownerDesignName>
<useDomainConstraints>false</useDomainConstraints>
<use>1</use>
<logicalDatatype>LOGDT019</logicalDatatype>
<dataTypePrecision>10</dataTypePrecision>
<ownDataTypeParameters>,10,</ownDataTypeParameters>
<autoIncrementCycle>false</autoIncrementCycle>
</Column>
<Column name="TIPO_SERVICIO" id="E9C15D54-75F5-7BC2-0C67-32BD5AC0406F">
<createdBy>jbarr</createdBy>
<createdTime>2024-09-02 00:04:39 UTC</createdTime>
<generatorID>17C4BE37-A676-72E7-CD8C-87B201602347</generatorID>
<ownerDesignName>SEMANA4</ownerDesignName>
<useDomainConstraints>false</useDomainConstraints>
<use>1</use>
<logicalDatatype>LOGDT024</logicalDatatype>
<dataTypeSize>20 CHAR</dataTypeSize>
<ownDataTypeParameters>20 CHAR,,</ownDataTypeParameters>
<autoIncrementCycle>false</autoIncrementCycle>
</Column>
<Column name="FECHA_INGRESO" id="A95E1DEB-D45C-0D04-A0D8-570303061C94">
<createdBy>jbarr</createdBy>
<createdTime>2024-09-02 00:04:39 UTC</createdTime>
<generatorID>70AACA1C-981D-D50D-30B3-8C94C835C4C6</generatorID>
<ownerDesignName>SEMANA4</ownerDesignName>
<useDomainConstraints>false</useDomainConstraints>
<use>1</use>
<logicalDatatype>LOGDT007</logicalDatatype>
<ownDataTypeParameters>,,</ownDataTypeParameters>
<autoIncrementCycle>false</autoIncrementCycle>
</Column>
<Column name="CLIENTE_RUT_CLIENTE" id="19D7DDF3-FE23-2E3D-2FB4-C2066B17DBC5">
<createdBy>jbarr</createdBy>
<createdTime>2024-09-02 00:04:39 UTC</createdTime>
<generatorID>A4CEE91E-54C4-A7E8-48BB-542CD05FA2E0</generatorID>
<ownerDesignName>SEMANA4</ownerDesignName>
<useDomainConstraints>false</useDomainConstraints>
<use>1</use>
<logicalDatatype>LOGDT019</logicalDatatype>
<dataTypePrecision>10</dataTypePrecision>
<ownDataTypeParameters>,,</ownDataTypeParameters>
<previousColumn>false</previousColumn>
<autoIncrementCycle>false</autoIncrementCycle>
<associations>
<colAssociation fkAssociation="84C63DF6-DBA9-19B1-AEC1-0A828CDA0203" referredColumn="5B00354E-B2B0-DD11-B7B2-F376BA52508A"/>
</associations>
</Column>
<Column name="VEHICULO_PATENTE" id="FC1F5728-54FE-20CB-C956-272444D83B20">
<createdBy>jbarr</createdBy>
<createdTime>2024-09-02 00:04:39 UTC</createdTime>
<generatorID>31CA67AD-E941-0674-27F2-202DCBC0E0A6</generatorID>
<ownerDesignName>SEMANA4</ownerDesignName>
<useDomainConstraints>false</useDomainConstraints>
<use>1</use>
<logicalDatatype>LOGDT019</logicalDatatype>
<dataTypePrecision>6</dataTypePrecision>
<ownDataTypeParameters>,,</ownDataTypeParameters>
<previousColumn>false</previousColumn>
<autoIncrementCycle>false</autoIncrementCycle>
<associations>
<colAssociation fkAssociation="8380F4FA-8D93-ADF8-C235-78D6557CFC5C" referredColumn="090B731F-822E-B809-BFD2-E641D41A9B72"/>
</associations>
</Column>
<Column name="VALIDACION_SERVICIO_ID_VALIDACION_SERVICIO" id="55F06741-CC07-21FD-5E14-405ACFC7A884">
<createdBy>jbarr</createdBy>
<createdTime>2024-09-02 00:04:39 UTC</createdTime>
<generatorID>F7FA91A8-45CF-F44B-8DCD-DE03D7A502B7</generatorID>
<ownerDesignName>SEMANA4</ownerDesignName>
<useDomainConstraints>false</useDomainConstraints>
<use>1</use>
<logicalDatatype>LOGDT019</logicalDatatype>
<dataTypePrecision>10</dataTypePrecision>
<ownDataTypeParameters>,,</ownDataTypeParameters>
<previousColumn>false</previousColumn>
<autoIncrementCycle>false</autoIncrementCycle>
<associations>
<colAssociation fkAssociation="1967E2C2-EA95-7B68-7EF6-E2C87F08C972" referredColumn="07069093-CA17-DDEC-7B61-4540582DB604"/>
</associations>
</Column>
<Column name="SEGUIMIENTO_ID_SEGUIMIENTO" id="0DF29E8F-E7E7-A143-D8B2-5EB7F49C5AEC">
<createdBy>jbarr</createdBy>
<createdTime>2024-09-02 00:04:39 UTC</createdTime>
<generatorID>FFB6A21C-F834-D7F3-5122-C9E1618CBC62</generatorID>
<ownerDesignName>SEMANA4</ownerDesignName>
<useDomainConstraints>false</useDomainConstraints>
<use>1</use>
<logicalDatatype>LOGDT019</logicalDatatype>
<dataTypePrecision>10</dataTypePrecision>
<ownDataTypeParameters>,,</ownDataTypeParameters>
<previousColumn>false</previousColumn>
<autoIncrementCycle>false</autoIncrementCycle>
<associations>
<colAssociation fkAssociation="353B8BE6-EB72-BFFD-B6A5-DA1F6EDDEA8D" referredColumn="51FB66E6-989B-DF8D-B288-93D2194095E3"/>
</associations>
</Column>
<Column name="ESTADO_VEHICULO_ID_ESTADO_VEHICULO" id="CFBE885C-00EC-028C-FC10-7B846DC63807">
<createdBy>jbarr</createdBy>
<createdTime>2024-09-02 00:04:39 UTC</createdTime>
<generatorID>B3BF3986-E3DD-CF84-FE06-D200A3E76EBA</generatorID>
<ownerDesignName>SEMANA4</ownerDesignName>
<useDomainConstraints>false</useDomainConstraints>
<use>1</use>
<logicalDatatype>LOGDT019</logicalDatatype>
<dataTypePrecision>10</dataTypePrecision>
<ownDataTypeParameters>,,</ownDataTypeParameters>
<previousColumn>false</previousColumn>
<autoIncrementCycle>false</autoIncrementCycle>
<associations>
<colAssociation fkAssociation="8511B6C6-E1DC-1226-C201-09AE737515B0" referredColumn="19C61894-228A-5126-8B1C-1168224A2900"/>
</associations>
</Column>
</columns>
<indexes itemClass="oracle.dbtools.crest.model.design.relational.Index">
<ind_PK_UK id="F46F9D90-089C-64FE-7D32-9373C734E5EB" name="ORDEN_ATENCION_PK">
<createdBy>jbarr</createdBy>
<createdTime>2024-09-02 00:04:39 UTC</createdTime>
<generatorID>B514C042-6AE0-51CE-65E7-B088A7D6525D</generatorID>
<ownerDesignName>SEMANA4</ownerDesignName>
<pk>true</pk>
<indexState>Primary Constraint</indexState>
<isSurrogateKey>false</isSurrogateKey>
<indexColumnUsage>
<colUsage columnID="94130DF2-A8B0-3F31-8C7A-85CCFA680F0F"/>
</indexColumnUsage>
</ind_PK_UK>
<ind_PK_UK id="1C8D8FA3-DC75-DF58-8D0B-0BF44F68C375" name="ORDEN_ATENCION__IDX">
<createdBy>jbarr</createdBy>
<createdTime>2024-09-02 00:04:39 UTC</createdTime>
<ownerDesignName>SEMANA4</ownerDesignName>
<indexState>Unique Plain Index</indexState>
<isSurrogateKey>false</isSurrogateKey>
<relationGeneratorID>54B803D1-318B-A01E-C924-A2EB5ED2575E</relationGeneratorID>
<indexColumnUsage>
<colUsage columnID="55F06741-CC07-21FD-5E14-405ACFC7A884"/>
</indexColumnUsage>
</ind_PK_UK>
<ind_PK_UK id="FE7B5F01-5414-3304-CCD3-B10ECADF4876" name="ORDEN_ATENCION__IDXv1">
<createdBy>jbarr</createdBy>
<createdTime>2024-09-02 00:04:39 UTC</createdTime>
<ownerDesignName>SEMANA4</ownerDesignName>
<indexState>Unique Plain Index</indexState>
<isSurrogateKey>false</isSurrogateKey>
<relationGeneratorID>7786A160-2AE1-D4CD-77DB-347428A31A87</relationGeneratorID>
<indexColumnUsage>
<colUsage columnID="0DF29E8F-E7E7-A143-D8B2-5EB7F49C5AEC"/>
</indexColumnUsage>
</ind_PK_UK>
<ind_PK_UK id="08768E80-2C4E-A5EA-FB4B-27DD8F63AD8B" name="ORDEN_ATENCION__IDXv2">
<createdBy>jbarr</createdBy>
<createdTime>2024-09-02 00:04:39 UTC</createdTime>
<ownerDesignName>SEMANA4</ownerDesignName>
<indexState>Unique Plain Index</indexState>
<isSurrogateKey>false</isSurrogateKey>
<relationGeneratorID>B6641644-0255-88B1-ECC0-BFE604ECD0AA</relationGeneratorID>
<indexColumnUsage>
<colUsage columnID="CFBE885C-00EC-028C-FC10-7B846DC63807"/>
</indexColumnUsage>
</ind_PK_UK>
<ind_PK_UK id="115355FC-BAF6-6A99-54DD-BB966B936561" name="ORDEN_ATENCION_VEHICULO_FK">
<createdBy>jbarr</createdBy>
<createdTime>2024-09-02 00:04:39 UTC</createdTime>
<generatorID>91335E5F-99E6-C359-36AF-BEEED34BD33C</generatorID>
<ownerDesignName>SEMANA4</ownerDesignName>
<indexState>Foreign Key</indexState>
<isSurrogateKey>false</isSurrogateKey>
<indexColumnUsage>
<colUsage columnID="FC1F5728-54FE-20CB-C956-272444D83B20"/>
</indexColumnUsage>
</ind_PK_UK>
<ind_PK_UK id="BD98D5EB-A256-49D9-C034-2DE86758CFEE" name="ORDEN_ATENCION_VALIDACION_SERVICIO_FK">
<createdBy>jbarr</createdBy>
<createdTime>2024-09-02 00:04:39 UTC</createdTime>
<generatorID>54B803D1-318B-A01E-C924-A2EB5ED2575E</generatorID>
<ownerDesignName>SEMANA4</ownerDesignName>
<indexState>Foreign Key</indexState>
<isSurrogateKey>false</isSurrogateKey>
<indexColumnUsage>
<colUsage columnID="55F06741-CC07-21FD-5E14-405ACFC7A884"/>
</indexColumnUsage>
</ind_PK_UK>
<ind_PK_UK id="C9A3DEAB-20AF-3B3F-E91A-900E1E0F31BE" name="ORDEN_ATENCION_SEGUIMIENTO_FK">
<createdBy>jbarr</createdBy>
<createdTime>2024-09-02 00:04:39 UTC</createdTime>
<generatorID>7786A160-2AE1-D4CD-77DB-347428A31A87</generatorID>
<ownerDesignName>SEMANA4</ownerDesignName>
<indexState>Foreign Key</indexState>
<isSurrogateKey>false</isSurrogateKey>
<indexColumnUsage>
<colUsage columnID="0DF29E8F-E7E7-A143-D8B2-5EB7F49C5AEC"/>
</indexColumnUsage>
</ind_PK_UK>
<ind_PK_UK id="204538D4-A622-6487-BD65-F5938868F99D" name="ORDEN_ATENCION_ESTADO_VEHICULO_FK">
<createdBy>jbarr</createdBy>
<createdTime>2024-09-02 00:04:39 UTC</createdTime>
<generatorID>B6641644-0255-88B1-ECC0-BFE604ECD0AA</generatorID>
<ownerDesignName>SEMANA4</ownerDesignName>
<indexState>Foreign Key</indexState>
<isSurrogateKey>false</isSurrogateKey>
<indexColumnUsage>
<colUsage columnID="CFBE885C-00EC-028C-FC10-7B846DC63807"/>
</indexColumnUsage>
</ind_PK_UK>
<ind_PK_UK id="9CA477B9-964D-5E8A-5A21-89F97D19BC77" name="ORDEN_ATENCION_CLIENTE_FK">
<createdBy>jbarr</createdBy>
<createdTime>2024-09-02 00:04:39 UTC</createdTime>
<generatorID>D6B6A0DC-79C1-F178-60A7-2A781AED9777</generatorID>
<ownerDesignName>SEMANA4</ownerDesignName>
<indexState>Foreign Key</indexState>
<isSurrogateKey>false</isSurrogateKey>
<indexColumnUsage>
<colUsage columnID="19D7DDF3-FE23-2E3D-2FB4-C2066B17DBC5"/>
</indexColumnUsage>
</ind_PK_UK>
</indexes>
</Table>