<?xml version = '1.0' encoding = 'UTF-8'?>
<Table class="oracle.dbtools.crest.model.design.relational.Table" directorySegmentName="seg_0" id="62DEE85E-55FC-B4F1-381C-A491C5D49DFF" name="MARCA_VEHICULO">
<createdBy>jbarr</createdBy>
<createdTime>2024-09-02 00:04:39 UTC</createdTime>
<generatorID>1E1BFAC1-23D6-9CCF-D052-1F4D44EB5A8D</generatorID>
<ownerDesignName>SEMANA4</ownerDesignName>
<allowColumnReorder>false</allowColumnReorder>
<existDependencyGenerateInDDl>true</existDependencyGenerateInDDl>
<parsed>true</parsed>
<columns itemClass="oracle.dbtools.crest.model.design.relational.Column">
<Column name="ID_MARCA" id="CD20B540-F3E5-029E-F303-9ADBBF791A0F">
<createdBy>jbarr</createdBy>
<createdTime>2024-09-02 00:04:39 UTC</createdTime>
<generatorID>DF8DF0E1-32DC-0440-9C4F-7113B261015A</generatorID>
<ownerDesignName>SEMANA4</ownerDesignName>
<useDomainConstraints>false</useDomainConstraints>
<use>1</use>
<logicalDatatype>LOGDT019</logicalDatatype>
<dataTypePrecision>10</dataTypePrecision>
<ownDataTypeParameters>,10,</ownDataTypeParameters>
<autoIncrementCycle>false</autoIncrementCycle>
</Column>
<Column name="NOMBRE" id="1BEE86AE-E142-946E-8DF2-7C541DFB60D3">
<createdBy>jbarr</createdBy>
<createdTime>2024-09-02 00:04:39 UTC</createdTime>
<generatorID>176C1F82-EE88-C5B1-DF50-779F604D75EB</generatorID>
<ownerDesignName>SEMANA4</ownerDesignName>
<useDomainConstraints>false</useDomainConstraints>
<use>1</use>
<logicalDatatype>LOGDT024</logicalDatatype>
<dataTypeSize>20 CHAR</dataTypeSize>
<ownDataTypeParameters>20 CHAR,,</ownDataTypeParameters>
<autoIncrementCycle>false</autoIncrementCycle>
</Column>
<Column name="VEHICULO_PATENTE" id="9D40EAB8-3092-801C-CF27-ACF3C6F0FBBB">
<createdBy>jbarr</createdBy>
<createdTime>2024-09-02 00:04:39 UTC</createdTime>
<generatorID>E8936904-6009-D274-91E9-E2E4839023A0</generatorID>
<ownerDesignName>SEMANA4</ownerDesignName>
<useDomainConstraints>false</useDomainConstraints>
<use>1</use>
<logicalDatatype>LOGDT019</logicalDatatype>
<dataTypePrecision>6</dataTypePrecision>
<ownDataTypeParameters>,,</ownDataTypeParameters>
<previousColumn>false</previousColumn>
<autoIncrementCycle>false</autoIncrementCycle>
<associations>
<colAssociation fkAssociation="83679BA7-58EA-71EA-5E84-C663931E70BC" referredColumn="090B731F-822E-B809-BFD2-E641D41A9B72"/>
</associations>
</Column>
</columns>
<indexes itemClass="oracle.dbtools.crest.model.design.relational.Index">
<ind_PK_UK id="EA282304-F5CB-C2C5-5818-28F057C8F4BF" name="MARCA_VEHICULO_PK">
<createdBy>jbarr</createdBy>
<createdTime>2024-09-02 00:04:39 UTC</createdTime>
<generatorID>51DFD2AE-0700-2915-CAF7-D40E16FEC7F0</generatorID>
<ownerDesignName>SEMANA4</ownerDesignName>
<pk>true</pk>
<indexState>Primary Constraint</indexState>
<isSurrogateKey>false</isSurrogateKey>
<indexColumnUsage>
<colUsage columnID="CD20B540-F3E5-029E-F303-9ADBBF791A0F"/>
</indexColumnUsage>
</ind_PK_UK>
<ind_PK_UK id="518477A5-3A18-E95B-89E7-0D0136E266E2" name="MARCA_VEHICULO__IDX">
<createdBy>jbarr</createdBy>
<createdTime>2024-09-02 00:04:39 UTC</createdTime>
<ownerDesignName>SEMANA4</ownerDesignName>
<indexState>Unique Plain Index</indexState>
<isSurrogateKey>false</isSurrogateKey>
<relationGeneratorID>32A3E5AC-0E5F-115F-2220-7C6107AE81B5</relationGeneratorID>
<indexColumnUsage>
<colUsage columnID="9D40EAB8-3092-801C-CF27-ACF3C6F0FBBB"/>
</indexColumnUsage>
</ind_PK_UK>
<ind_PK_UK id="26D2E95D-C658-9B49-4F6E-046F1F07E4D7" name="MARCA_VEHICULO_VEHICULO_FK">
<createdBy>jbarr</createdBy>
<createdTime>2024-09-02 00:04:39 UTC</createdTime>
<generatorID>32A3E5AC-0E5F-115F-2220-7C6107AE81B5</generatorID>
<ownerDesignName>SEMANA4</ownerDesignName>
<indexState>Foreign Key</indexState>
<isSurrogateKey>false</isSurrogateKey>
<indexColumnUsage>
<colUsage columnID="9D40EAB8-3092-801C-CF27-ACF3C6F0FBBB"/>
</indexColumnUsage>
</ind_PK_UK>
</indexes>
</Table>