<?xml version = '1.0' encoding = 'UTF-8'?>
<Table class="oracle.dbtools.crest.model.design.relational.Table" directorySegmentName="seg_0" id="984D3D86-C593-3E69-954C-5704BB5508B5" name="CONTACTO_CLIENTE">
<createdBy>jbarr</createdBy>
<createdTime>2024-09-02 00:04:39 UTC</createdTime>
<generatorID>2BDA978B-AB72-5D8E-7CB0-7CA9F042746F</generatorID>
<ownerDesignName>SEMANA4</ownerDesignName>
<allowColumnReorder>false</allowColumnReorder>
<existDependencyGenerateInDDl>true</existDependencyGenerateInDDl>
<parsed>true</parsed>
<columns itemClass="oracle.dbtools.crest.model.design.relational.Column">
<Column name="ID_CONTACTO" id="C51A7E8C-71D5-5286-C9A0-A22CAE76D839">
<createdBy>jbarr</createdBy>
<createdTime>2024-09-02 00:04:39 UTC</createdTime>
<generatorID>E362076D-3DEA-5793-391F-78C8D513EA13</generatorID>
<ownerDesignName>SEMANA4</ownerDesignName>
<useDomainConstraints>false</useDomainConstraints>
<use>1</use>
<logicalDatatype>LOGDT019</logicalDatatype>
<dataTypePrecision>10</dataTypePrecision>
<ownDataTypeParameters>,10,</ownDataTypeParameters>
<autoIncrementCycle>false</autoIncrementCycle>
</Column>
<Column name="CELULAR" id="FD111042-8C96-3D55-33EC-E7D4885314C3">
<createdBy>jbarr</createdBy>
<createdTime>2024-09-02 00:04:39 UTC</createdTime>
<generatorID>62ED0958-17CF-4604-AF74-541E1A267CA4</generatorID>
<ownerDesignName>SEMANA4</ownerDesignName>
<useDomainConstraints>false</useDomainConstraints>
<use>1</use>
<logicalDatatype>LOGDT019</logicalDatatype>
<dataTypePrecision>10</dataTypePrecision>
<ownDataTypeParameters>,10,</ownDataTypeParameters>
<autoIncrementCycle>false</autoIncrementCycle>
</Column>
<Column name="CORREO" id="5353D217-CAD9-0F73-B3A3-375D4E957138">
<createdBy>jbarr</createdBy>
<createdTime>2024-09-02 00:04:39 UTC</createdTime>
<generatorID>5630692F-F871-E0E1-9D1B-B406F7220A40</generatorID>
<ownerDesignName>SEMANA4</ownerDesignName>
<useDomainConstraints>false</useDomainConstraints>
<use>1</use>
<logicalDatatype>LOGDT024</logicalDatatype>
<dataTypeSize>100 CHAR</dataTypeSize>
<ownDataTypeParameters>100 CHAR,,</ownDataTypeParameters>
<autoIncrementCycle>false</autoIncrementCycle>
</Column>
<Column name="CLIENTE_RUT_CLIENTE" id="DB0E3E9A-36A8-97C8-37D5-98C2ACA567D7">
<createdBy>jbarr</createdBy>
<createdTime>2024-09-02 00:04:39 UTC</createdTime>
<generatorID>0FA57384-E786-FA98-013D-02969C4F4E39</generatorID>
<ownerDesignName>SEMANA4</ownerDesignName>
<useDomainConstraints>false</useDomainConstraints>
<use>1</use>
<logicalDatatype>LOGDT019</logicalDatatype>
<dataTypePrecision>10</dataTypePrecision>
<ownDataTypeParameters>,,</ownDataTypeParameters>
<previousColumn>false</previousColumn>
<autoIncrementCycle>false</autoIncrementCycle>
<associations>
<colAssociation fkAssociation="067FFE89-4CA2-C575-E59A-C6A78B122074" referredColumn="5B00354E-B2B0-DD11-B7B2-F376BA52508A"/>
</associations>
</Column>
</columns>
<indexes itemClass="oracle.dbtools.crest.model.design.relational.Index">
<ind_PK_UK id="57050BE0-E3C8-F5A7-D080-5DF9266CE564" name="CONTACTO_CLIENTE_PK">
<createdBy>jbarr</createdBy>
<createdTime>2024-09-02 00:04:39 UTC</createdTime>
<generatorID>995E2BCA-DBFD-9174-F0BD-06BD6FBBF8FD</generatorID>
<ownerDesignName>SEMANA4</ownerDesignName>
<pk>true</pk>
<indexState>Primary Constraint</indexState>
<isSurrogateKey>false</isSurrogateKey>
<indexColumnUsage>
<colUsage columnID="C51A7E8C-71D5-5286-C9A0-A22CAE76D839"/>
</indexColumnUsage>
</ind_PK_UK>
<ind_PK_UK id="A6FFA1A2-93B5-9835-9EC0-E97F350E5066" name="CONTACTO_CLIENTE_CLIENTE_FK">
<createdBy>jbarr</createdBy>
<createdTime>2024-09-02 00:04:39 UTC</createdTime>
<generatorID>478F9EA1-ED74-4649-9AA5-CB9ED0F4AC06</generatorID>
<ownerDesignName>SEMANA4</ownerDesignName>
<indexState>Foreign Key</indexState>
<isSurrogateKey>false</isSurrogateKey>
<indexColumnUsage>
<colUsage columnID="DB0E3E9A-36A8-97C8-37D5-98C2ACA567D7"/>
</indexColumnUsage>
</ind_PK_UK>
</indexes>
</Table>