<?xml version = '1.0' encoding = 'UTF-8'?>
<Table class="oracle.dbtools.crest.model.design.relational.Table" directorySegmentName="seg_0" id="A81DB7CA-96AC-E840-4AEC-89371F46F6FB" name="MODELO_VEHICULO">
<createdBy>jbarr</createdBy>
<createdTime>2024-09-02 00:04:39 UTC</createdTime>
<generatorID>798A173B-7E34-B477-BC09-941CB7870154</generatorID>
<ownerDesignName>SEMANA4</ownerDesignName>
<allowColumnReorder>false</allowColumnReorder>
<existDependencyGenerateInDDl>true</existDependencyGenerateInDDl>
<parsed>true</parsed>
<columns itemClass="oracle.dbtools.crest.model.design.relational.Column">
<Column name="ID_MODELO" id="C76458C9-766B-7354-0270-FC3FC1BCCB97">
<createdBy>jbarr</createdBy>
<createdTime>2024-09-02 00:04:39 UTC</createdTime>
<generatorID>4F329C25-D75B-CE7C-2DB3-66161DC4F8C4</generatorID>
<ownerDesignName>SEMANA4</ownerDesignName>
<useDomainConstraints>false</useDomainConstraints>
<use>1</use>
<logicalDatatype>LOGDT019</logicalDatatype>
<dataTypePrecision>10</dataTypePrecision>
<ownDataTypeParameters>,10,</ownDataTypeParameters>
<autoIncrementCycle>false</autoIncrementCycle>
</Column>
<Column name="NOMBRE" id="2C81B758-9B61-6408-AEEB-8026DAE8DD7F">
<createdBy>jbarr</createdBy>
<createdTime>2024-09-02 00:04:39 UTC</createdTime>
<generatorID>BD2247C9-C1BE-F5BE-DAFD-C0F5BA586E97</generatorID>
<ownerDesignName>SEMANA4</ownerDesignName>
<useDomainConstraints>false</useDomainConstraints>
<use>1</use>
<logicalDatatype>LOGDT024</logicalDatatype>
<dataTypeSize>30 CHAR</dataTypeSize>
<ownDataTypeParameters>30 CHAR,,</ownDataTypeParameters>
<autoIncrementCycle>false</autoIncrementCycle>
</Column>
<Column name="VEHICULO_PATENTE" id="162052C2-8CA2-28D0-6302-82AD204F5A45">
<createdBy>jbarr</createdBy>
<createdTime>2024-09-02 00:04:39 UTC</createdTime>
<generatorID>6EFAD968-71EE-6D6C-B425-307802C00D1B</generatorID>
<ownerDesignName>SEMANA4</ownerDesignName>
<useDomainConstraints>false</useDomainConstraints>
<use>1</use>
<logicalDatatype>LOGDT019</logicalDatatype>
<dataTypePrecision>6</dataTypePrecision>
<ownDataTypeParameters>,,</ownDataTypeParameters>
<previousColumn>false</previousColumn>
<autoIncrementCycle>false</autoIncrementCycle>
<associations>
<colAssociation fkAssociation="13342F66-2653-8F5B-D2BB-EC2510BFE96C" referredColumn="090B731F-822E-B809-BFD2-E641D41A9B72"/>
</associations>
</Column>
</columns>
<indexes itemClass="oracle.dbtools.crest.model.design.relational.Index">
<ind_PK_UK id="4BB6DCB6-100F-F350-7F00-9ACEB0423FBD" name="MODELO_VEHICULO_PK">
<createdBy>jbarr</createdBy>
<createdTime>2024-09-02 00:04:39 UTC</createdTime>
<generatorID>835D1E4A-6C3C-A95D-F76F-6D29F2361009</generatorID>
<ownerDesignName>SEMANA4</ownerDesignName>
<pk>true</pk>
<indexState>Primary Constraint</indexState>
<isSurrogateKey>false</isSurrogateKey>
<indexColumnUsage>
<colUsage columnID="C76458C9-766B-7354-0270-FC3FC1BCCB97"/>
</indexColumnUsage>
</ind_PK_UK>
<ind_PK_UK id="49B7AF89-F672-73A3-BBB5-39F068F4A665" name="MODELO_VEHICULO__IDX">
<createdBy>jbarr</createdBy>
<createdTime>2024-09-02 00:04:39 UTC</createdTime>
<ownerDesignName>SEMANA4</ownerDesignName>
<indexState>Unique Plain Index</indexState>
<isSurrogateKey>false</isSurrogateKey>
<relationGeneratorID>D77886AB-0931-DE6A-59DF-08620BA04ACB</relationGeneratorID>
<indexColumnUsage>
<colUsage columnID="162052C2-8CA2-28D0-6302-82AD204F5A45"/>
</indexColumnUsage>
</ind_PK_UK>
<ind_PK_UK id="07C27850-7298-FA45-C8B8-43C030C625F3" name="MODELO_VEHICULO_VEHICULO_FK">
<createdBy>jbarr</createdBy>
<createdTime>2024-09-02 00:04:39 UTC</createdTime>
<generatorID>D77886AB-0931-DE6A-59DF-08620BA04ACB</generatorID>
<ownerDesignName>SEMANA4</ownerDesignName>
<indexState>Foreign Key</indexState>
<isSurrogateKey>false</isSurrogateKey>
<indexColumnUsage>
<colUsage columnID="162052C2-8CA2-28D0-6302-82AD204F5A45"/>
</indexColumnUsage>
</ind_PK_UK>
</indexes>
</Table>