<?xml version = '1.0' encoding = 'UTF-8'?>
<Table class="oracle.dbtools.crest.model.design.relational.Table" directorySegmentName="seg_0" id="D3AE82EB-B339-296B-3664-CF3C5F6C8AA6" name="VALIDACION_SERVICIO">
<createdBy>jbarr</createdBy>
<createdTime>2024-09-02 00:04:39 UTC</createdTime>
<generatorID>91490E91-24B7-AFB4-67B3-C1550EFF5E29</generatorID>
<ownerDesignName>SEMANA4</ownerDesignName>
<allowColumnReorder>false</allowColumnReorder>
<existDependencyGenerateInDDl>true</existDependencyGenerateInDDl>
<parsed>true</parsed>
<columns itemClass="oracle.dbtools.crest.model.design.relational.Column">
<Column name="ID_VALIDACION_SERVICIO" id="07069093-CA17-DDEC-7B61-4540582DB604">
<createdBy>jbarr</createdBy>
<createdTime>2024-09-02 00:04:39 UTC</createdTime>
<generatorID>D34375DE-D814-A331-5C74-9CB6CB524737</generatorID>
<ownerDesignName>SEMANA4</ownerDesignName>
<useDomainConstraints>false</useDomainConstraints>
<use>1</use>
<logicalDatatype>LOGDT019</logicalDatatype>
<dataTypePrecision>10</dataTypePrecision>
<ownDataTypeParameters>,10,</ownDataTypeParameters>
<autoIncrementCycle>false</autoIncrementCycle>
</Column>
<Column name="FECHA_VALIDACION" id="0234F84E-64B5-B222-9106-CBD1554C12A8">
<createdBy>jbarr</createdBy>
<createdTime>2024-09-02 00:04:39 UTC</createdTime>
<generatorID>864DADF9-0131-8743-C28A-D3AC17686AF4</generatorID>
<ownerDesignName>SEMANA4</ownerDesignName>
<useDomainConstraints>false</useDomainConstraints>
<use>1</use>
<logicalDatatype>LOGDT007</logicalDatatype>
<ownDataTypeParameters>,,</ownDataTypeParameters>
<autoIncrementCycle>false</autoIncrementCycle>
</Column>
<Column name="APROBADO" id="B8C2C1EC-E67F-5D64-E3D9-E052857BBF36">
<createdBy>jbarr</createdBy>
<createdTime>2024-09-02 00:04:39 UTC</createdTime>
<generatorID>ED56A3E8-845E-ECED-AACA-EF590338A177</generatorID>
<ownerDesignName>SEMANA4</ownerDesignName>
<useDomainConstraints>false</useDomainConstraints>
<use>1</use>
<logicalDatatype>LOGDT006</logicalDatatype>
<dataTypeSize>1 BYTE</dataTypeSize>
<ownDataTypeParameters>1 BYTE,,</ownDataTypeParameters>
<autoIncrementCycle>false</autoIncrementCycle>
</Column>
<Column name="ORDEN_ATENCION_ID_ORDEN_ATENCION" id="BAA7EE9C-9090-F285-2ADF-9E78E70178D1">
<createdBy>jbarr</createdBy>
<createdTime>2024-09-02 00:04:39 UTC</createdTime>
<generatorID>D03848BD-0A25-6C6F-1440-39E26DFC481A</generatorID>
<ownerDesignName>SEMANA4</ownerDesignName>
<useDomainConstraints>false</useDomainConstraints>
<use>1</use>
<logicalDatatype>LOGDT019</logicalDatatype>
<dataTypePrecision>10</dataTypePrecision>
<ownDataTypeParameters>,,</ownDataTypeParameters>
<previousColumn>false</previousColumn>
<autoIncrementCycle>false</autoIncrementCycle>
<associations>
<colAssociation fkAssociation="E9058612-EBBA-D88D-F46E-4732AAE210D5" referredColumn="94130DF2-A8B0-3F31-8C7A-85CCFA680F0F"/>
</associations>
</Column>
</columns>
<indexes itemClass="oracle.dbtools.crest.model.design.relational.Index">
<ind_PK_UK id="D45C1CE6-A14F-BDC2-E6DA-195125F37152" name="VALIDACION_SERVICIO_PK">
<createdBy>jbarr</createdBy>
<createdTime>2024-09-02 00:04:39 UTC</createdTime>
<generatorID>0F4A02BE-32D5-C5B7-477F-10112582DEEB</generatorID>
<ownerDesignName>SEMANA4</ownerDesignName>
<pk>true</pk>
<indexState>Primary Constraint</indexState>
<isSurrogateKey>false</isSurrogateKey>
<indexColumnUsage>
<colUsage columnID="07069093-CA17-DDEC-7B61-4540582DB604"/>
</indexColumnUsage>
</ind_PK_UK>
<ind_PK_UK id="3D954BA7-7D0E-1AE0-EA35-6FAC6F715002" name="VALIDACION_SERVICIO__IDX">
<createdBy>jbarr</createdBy>
<createdTime>2024-09-02 00:04:39 UTC</createdTime>
<ownerDesignName>SEMANA4</ownerDesignName>
<indexState>Unique Plain Index</indexState>
<isSurrogateKey>false</isSurrogateKey>
<relationGeneratorID>54B803D1-318B-A01E-C924-A2EB5ED2575E</relationGeneratorID>
<indexColumnUsage>
<colUsage columnID="BAA7EE9C-9090-F285-2ADF-9E78E70178D1"/>
</indexColumnUsage>
</ind_PK_UK>
<ind_PK_UK id="34E86ECF-5B64-F3EC-49F0-1E8FEBD781BB" name="VALIDACION_SERVICIO_ORDEN_ATENCION_FK">
<createdBy>jbarr</createdBy>
<createdTime>2024-09-02 00:04:39 UTC</createdTime>
<generatorID>54B803D1-318B-A01E-C924-A2EB5ED2575E</generatorID>
<ownerDesignName>SEMANA4</ownerDesignName>
<indexState>Foreign Key</indexState>
<isSurrogateKey>false</isSurrogateKey>
<indexColumnUsage>
<colUsage columnID="BAA7EE9C-9090-F285-2ADF-9E78E70178D1"/>
</indexColumnUsage>
</ind_PK_UK>
</indexes>
</Table>