<?xml version = '1.0' encoding = 'UTF-8'?>
<Table class="oracle.dbtools.crest.model.design.relational.Table" directorySegmentName="seg_0" id="ECD870E8-0F8A-073F-9BA0-8FB48AE3746B" name="ESTADO_VEHICULO">
<createdBy>jbarr</createdBy>
<createdTime>2024-09-02 00:04:39 UTC</createdTime>
<generatorID>FBE9C8B5-B37A-A40E-8904-4E8D8CFDBCA6</generatorID>
<ownerDesignName>SEMANA4</ownerDesignName>
<allowColumnReorder>false</allowColumnReorder>
<existDependencyGenerateInDDl>true</existDependencyGenerateInDDl>
<parsed>true</parsed>
<columns itemClass="oracle.dbtools.crest.model.design.relational.Column">
<Column name="ID_ESTADO_VEHICULO" id="19C61894-228A-5126-8B1C-1168224A2900">
<createdBy>jbarr</createdBy>
<createdTime>2024-09-02 00:04:39 UTC</createdTime>
<generatorID>67FB6EA6-5B5F-A1AA-E517-5EE51FE8B72E</generatorID>
<ownerDesignName>SEMANA4</ownerDesignName>
<useDomainConstraints>false</useDomainConstraints>
<use>1</use>
<logicalDatatype>LOGDT019</logicalDatatype>
<dataTypePrecision>10</dataTypePrecision>
<ownDataTypeParameters>,10,</ownDataTypeParameters>
<autoIncrementCycle>false</autoIncrementCycle>
</Column>
<Column name="NOMBRE_ESTADO" id="9E15AC6D-D4B1-5EAF-CDF9-E1D6FF4BE571">
<createdBy>jbarr</createdBy>
<createdTime>2024-09-02 00:04:39 UTC</createdTime>
<generatorID>A7AF198B-F686-C61C-4CD9-2A10BFB8A320</generatorID>
<ownerDesignName>SEMANA4</ownerDesignName>
<useDomainConstraints>false</useDomainConstraints>
<use>1</use>
<logicalDatatype>LOGDT024</logicalDatatype>
<dataTypeSize>10 CHAR</dataTypeSize>
<ownDataTypeParameters>10 CHAR,,</ownDataTypeParameters>
<autoIncrementCycle>false</autoIncrementCycle>
</Column>
<Column name="DESCRIPCION" id="20EFF849-7E38-6EFA-5CA5-0C7E272A2726">
<createdBy>jbarr</createdBy>
<createdTime>2024-09-02 00:04:39 UTC</createdTime>
<generatorID>B485781E-DD2C-960D-2EE4-AB48B8A296E4</generatorID>
<ownerDesignName>SEMANA4</ownerDesignName>
<useDomainConstraints>false</useDomainConstraints>
<use>1</use>
<logicalDatatype>LOGDT024</logicalDatatype>
<dataTypeSize>30 CHAR</dataTypeSize>
<ownDataTypeParameters>30 CHAR,,</ownDataTypeParameters>
<autoIncrementCycle>false</autoIncrementCycle>
</Column>
<Column name="SEGUIMIENTO_ID_SEGUIMIENTO" id="7F4DC370-7060-92A5-C20F-45F869ED8C37">
<createdBy>jbarr</createdBy>
<createdTime>2024-09-02 00:04:39 UTC</createdTime>
<generatorID>57417970-19EE-E204-D512-A523F0D43CC2</generatorID>
<ownerDesignName>SEMANA4</ownerDesignName>
<useDomainConstraints>false</useDomainConstraints>
<use>1</use>
<logicalDatatype>LOGDT019</logicalDatatype>
<dataTypePrecision>10</dataTypePrecision>
<ownDataTypeParameters>,,</ownDataTypeParameters>
<previousColumn>false</previousColumn>
<autoIncrementCycle>false</autoIncrementCycle>
<associations>
<colAssociation fkAssociation="2D29BEA4-B043-92D2-A438-17FC30E80773" referredColumn="51FB66E6-989B-DF8D-B288-93D2194095E3"/>
</associations>
</Column>
<Column name="ORDEN_ATENCION_ID_ORDEN_ATENCION" id="1BA8E3F3-2960-C2A7-9470-97A893092005">
<createdBy>jbarr</createdBy>
<createdTime>2024-09-02 00:04:39 UTC</createdTime>
<generatorID>8B9D6442-03C2-DC1D-13A0-64ADDFA4E504</generatorID>
<ownerDesignName>SEMANA4</ownerDesignName>
<useDomainConstraints>false</useDomainConstraints>
<use>1</use>
<logicalDatatype>LOGDT019</logicalDatatype>
<dataTypePrecision>10</dataTypePrecision>
<ownDataTypeParameters>,,</ownDataTypeParameters>
<previousColumn>false</previousColumn>
<autoIncrementCycle>false</autoIncrementCycle>
<associations>
<colAssociation fkAssociation="DDA8FFDD-4E77-6206-2731-40E2877D43A1" referredColumn="94130DF2-A8B0-3F31-8C7A-85CCFA680F0F"/>
</associations>
</Column>
</columns>
<indexes itemClass="oracle.dbtools.crest.model.design.relational.Index">
<ind_PK_UK id="E282A47C-7CC5-BED3-419B-7A5E07889965" name="ESTADO_VEHICULO_PK">
<createdBy>jbarr</createdBy>
<createdTime>2024-09-02 00:04:39 UTC</createdTime>
<generatorID>F7B1C110-93CA-2510-2D10-060B44CF0AB2</generatorID>
<ownerDesignName>SEMANA4</ownerDesignName>
<pk>true</pk>
<indexState>Primary Constraint</indexState>
<isSurrogateKey>false</isSurrogateKey>
<indexColumnUsage>
<colUsage columnID="19C61894-228A-5126-8B1C-1168224A2900"/>
</indexColumnUsage>
</ind_PK_UK>
<ind_PK_UK id="E6273F88-3824-BB02-8773-AEA0B1709749" name="ESTADO_VEHICULO__IDX">
<createdBy>jbarr</createdBy>
<createdTime>2024-09-02 00:04:39 UTC</createdTime>
<ownerDesignName>SEMANA4</ownerDesignName>
<indexState>Unique Plain Index</indexState>
<isSurrogateKey>false</isSurrogateKey>
<relationGeneratorID>9B4EFD54-9032-BB4B-639C-71760662ABC4</relationGeneratorID>
<indexColumnUsage>
<colUsage columnID="7F4DC370-7060-92A5-C20F-45F869ED8C37"/>
</indexColumnUsage>
</ind_PK_UK>
<ind_PK_UK id="6BA28636-C67E-A9CD-CA8B-65AE49F0E24D" name="ESTADO_VEHICULO__IDXv1">
<createdBy>jbarr</createdBy>
<createdTime>2024-09-02 00:04:39 UTC</createdTime>
<ownerDesignName>SEMANA4</ownerDesignName>
<indexState>Unique Plain Index</indexState>
<isSurrogateKey>false</isSurrogateKey>
<relationGeneratorID>B6641644-0255-88B1-ECC0-BFE604ECD0AA</relationGeneratorID>
<indexColumnUsage>
<colUsage columnID="1BA8E3F3-2960-C2A7-9470-97A893092005"/>
</indexColumnUsage>
</ind_PK_UK>
<ind_PK_UK id="36DCB45D-6496-0087-8CC3-E1F9183E2D2B" name="ESTADO_VEHICULO_SEGUIMIENTO_FK">
<createdBy>jbarr</createdBy>
<createdTime>2024-09-02 00:04:39 UTC</createdTime>
<generatorID>9B4EFD54-9032-BB4B-639C-71760662ABC4</generatorID>
<ownerDesignName>SEMANA4</ownerDesignName>
<indexState>Foreign Key</indexState>
<isSurrogateKey>false</isSurrogateKey>
<indexColumnUsage>
<colUsage columnID="7F4DC370-7060-92A5-C20F-45F869ED8C37"/>
</indexColumnUsage>
</ind_PK_UK>
<ind_PK_UK id="48CEEA1A-8C84-8412-78F7-0EEDD1AEB0A3" name="ESTADO_VEHICULO_ORDEN_ATENCION_FK">
<createdBy>jbarr</createdBy>
<createdTime>2024-09-02 00:04:39 UTC</createdTime>
<generatorID>B6641644-0255-88B1-ECC0-BFE604ECD0AA</generatorID>
<ownerDesignName>SEMANA4</ownerDesignName>
<indexState>Foreign Key</indexState>
<isSurrogateKey>false</isSurrogateKey>
<indexColumnUsage>
<colUsage columnID="1BA8E3F3-2960-C2A7-9470-97A893092005"/>
</indexColumnUsage>
</ind_PK_UK>
</indexes>
</Table>