<?xml version = '1.0' encoding = 'UTF-8'?>
<Diagram class="oracle.dbtools.crest.swingui.relational.DPVRelational" name="Relational_1" id="92777759-C6B1-4B24-EF04-9BFDA590A98E">
<createdBy>jbarr</createdBy>
<modifiedBy>jbarr</modifiedBy>
<createdTime>2024-09-02 00:04:39 UTC</createdTime>
<autoRoute>false</autoRoute>
<boxInbox>true</boxInbox>
<showLegend>false</showLegend>
<showLabels>false</showLabels>
<showRelAttributes>false</showRelAttributes>
<gridEnabled>false</gridEnabled>
<showGrid>false</showGrid>
<diagramColor>-1</diagramColor>
<display>false</display>
<notation>1</notation>
<objectViews>
<OView class="oracle.dbtools.crest.swingui.relational.TVTable" oid="016CC407-C926-599D-AE43-0FAD3467F957" otype="Table" vid="4D318DD1-B0EC-6AA6-69D7-8CAB89260322">
<hideElementsInCurrentOnly>false</hideElementsInCurrentOnly>
<bounds x="607" y="222" width="209" height="103"/>
</OView>
<OView class="oracle.dbtools.crest.swingui.relational.TVTable" oid="0B605923-E8D0-7353-778D-7646D4BE589C" otype="Table" vid="5DF30E6E-CB28-2990-5BAB-E74DDF90A84C">
<hideElementsInCurrentOnly>false</hideElementsInCurrentOnly>
<bounds x="21" y="382" width="129" height="66"/>
</OView>
<OView class="oracle.dbtools.crest.swingui.relational.TVTable" oid="15BDF37C-BD55-75D5-B940-1F116D25E954" otype="Table" vid="05B7ED90-0611-41EC-B429-FB9D1C9C14D2">
<hideElementsInCurrentOnly>false</hideElementsInCurrentOnly>
<bounds x="233" y="256" width="115" height="63"/>
</OView>
<OView class="oracle.dbtools.crest.swingui.relational.TVTable" oid="32B65DBC-CC68-6954-EEB9-8EB59A4B43F5" otype="Table" vid="4D7F8414-62D7-2F20-29AD-D86C36E2079D">
<hideElementsInCurrentOnly>false</hideElementsInCurrentOnly>
<bounds x="236" y="84" width="121" height="112"/>
</OView>
<OView class="oracle.dbtools.crest.swingui.relational.TVTable" oid="386EE9A4-66C5-B2F9-48E3-3BB251B35CBF" otype="Table" vid="6A82D465-B6FD-99D4-B3A4-B4957157B226">
<hideElementsInCurrentOnly>false</hideElementsInCurrentOnly>
<bounds x="25" y="314" width="131" height="54"/>
</OView>
<OView class="oracle.dbtools.crest.swingui.relational.TVTable" oid="4035FF24-578D-20DA-784E-6A0DCBE19931" otype="Table" vid="57C887D2-66F7-A313-8931-C71D4BE6E902">
<hideElementsInCurrentOnly>false</hideElementsInCurrentOnly>
<bounds x="451" y="49" width="216" height="91"/>
</OView>
<OView class="oracle.dbtools.crest.swingui.relational.TVTable" oid="62DEE85E-55FC-B4F1-381C-A491C5D49DFF" otype="Table" vid="81E6B608-83D3-3CED-D36E-9CC022EB0A72">
<hideElementsInCurrentOnly>false</hideElementsInCurrentOnly>
<bounds x="26" y="251" width="130" height="51"/>
</OView>
<OView class="oracle.dbtools.crest.swingui.relational.TVTable" oid="984D3D86-C593-3E69-954C-5704BB5508B5" otype="Table" vid="92FACD46-20D0-4C90-D6FE-146C5D6D4991">
<hideElementsInCurrentOnly>false</hideElementsInCurrentOnly>
<bounds x="24" y="48" width="160" height="77"/>
</OView>
<OView class="oracle.dbtools.crest.swingui.relational.TVTable" oid="A81DB7CA-96AC-E840-4AEC-89371F46F6FB" otype="Table" vid="D04104B0-4051-A2B0-D561-674BC6B9667D">
<hideElementsInCurrentOnly>false</hideElementsInCurrentOnly>
<bounds x="26" y="165" width="145" height="76"/>
</OView>
<OView class="oracle.dbtools.crest.swingui.relational.TVTable" oid="D3AE82EB-B339-296B-3664-CF3C5F6C8AA6" otype="Table" vid="0B880DE2-25B3-EE7C-51FC-67D5F62E20A1">
<hideElementsInCurrentOnly>false</hideElementsInCurrentOnly>
<bounds x="724" y="49" width="194" height="115"/>
</OView>
<OView class="oracle.dbtools.crest.swingui.relational.TVTable" oid="ECD870E8-0F8A-073F-9BA0-8FB48AE3746B" otype="Table" vid="3BA02165-6696-E2F1-8FD5-B7D934339B84">
<hideElementsInCurrentOnly>false</hideElementsInCurrentOnly>
<bounds x="451" y="363" width="215" height="107"/>
</OView>
</objectViews>
<connectors>
<Connector class="oracle.dbtools.crest.swingui.relational.TVFKRelation" oid="067FFE89-4CA2-C575-E59A-C6A78B122074" otype="FKIndexAssociation" vid_source="4D7F8414-62D7-2F20-29AD-D86C36E2079D" vid_target="92FACD46-20D0-4C90-D6FE-146C5D6D4991">
<hideElementsInCurrentOnly>false</hideElementsInCurrentOnly>
<backgroundColor>-16777216</backgroundColor>
<lineWidth>1</lineWidth>
<points>
<point x="236" y="104"/>
<point x="184" y="104"/>
</points>
</Connector>
<Connector class="oracle.dbtools.crest.swingui.relational.TVFKRelation" oid="13342F66-2653-8F5B-D2BB-EC2510BFE96C" otype="FKIndexAssociation" vid_source="05B7ED90-0611-41EC-B429-FB9D1C9C14D2" vid_target="D04104B0-4051-A2B0-D561-674BC6B9667D">
<hideElementsInCurrentOnly>false</hideElementsInCurrentOnly>
<backgroundColor>-16777216</backgroundColor>
<lineWidth>1</lineWidth>
<points>
<point x="233" y="262"/>
<point x="171" y="234"/>
</points>
</Connector>
<Connector class="oracle.dbtools.crest.swingui.relational.TVFKRelation" oid="1967E2C2-EA95-7B68-7EF6-E2C87F08C972" otype="FKIndexAssociation" vid_source="0B880DE2-25B3-EE7C-51FC-67D5F62E20A1" vid_target="57C887D2-66F7-A313-8931-C71D4BE6E902">
<hideElementsInCurrentOnly>false</hideElementsInCurrentOnly>
<backgroundColor>-16777216</backgroundColor>
<lineWidth>1</lineWidth>
<points>
<point x="724" y="94"/>
<point x="667" y="94"/>
</points>
</Connector>
<Connector class="oracle.dbtools.crest.swingui.relational.TVFKRelation" oid="2D29BEA4-B043-92D2-A438-17FC30E80773" otype="FKIndexAssociation" vid_source="4D318DD1-B0EC-6AA6-69D7-8CAB89260322" vid_target="3BA02165-6696-E2F1-8FD5-B7D934339B84">
<hideElementsInCurrentOnly>false</hideElementsInCurrentOnly>
<backgroundColor>-16777216</backgroundColor>
<lineWidth>1</lineWidth>
<points>
<point x="636" y="325"/>
<point x="636" y="363"/>
</points>
</Connector>
<Connector class="oracle.dbtools.crest.swingui.relational.TVFKRelation" oid="353B8BE6-EB72-BFFD-B6A5-DA1F6EDDEA8D" otype="FKIndexAssociation" vid_source="4D318DD1-B0EC-6AA6-69D7-8CAB89260322" vid_target="57C887D2-66F7-A313-8931-C71D4BE6E902">
<hideElementsInCurrentOnly>false</hideElementsInCurrentOnly>
<backgroundColor>-16777216</backgroundColor>
<lineWidth>1</lineWidth>
<points>
<point x="637" y="222"/>
<point x="637" y="140"/>
</points>
</Connector>
<Connector class="oracle.dbtools.crest.swingui.relational.TVFKRelation" oid="37ECEAB1-DEF2-91CC-5889-D93F8EBDF3D6" otype="FKIndexAssociation" vid_source="4D7F8414-62D7-2F20-29AD-D86C36E2079D" vid_target="05B7ED90-0611-41EC-B429-FB9D1C9C14D2">
<hideElementsInCurrentOnly>false</hideElementsInCurrentOnly>
<backgroundColor>-16777216</backgroundColor>
<lineWidth>1</lineWidth>
<points>
<point x="292" y="196"/>
<point x="292" y="256"/>
</points>
</Connector>
<Connector class="oracle.dbtools.crest.swingui.relational.TVFKRelation" oid="4328301F-67F5-47A7-AB5A-7076A3FC6733" otype="FKIndexAssociation" vid_source="3BA02165-6696-E2F1-8FD5-B7D934339B84" vid_target="4D318DD1-B0EC-6AA6-69D7-8CAB89260322">
<hideElementsInCurrentOnly>false</hideElementsInCurrentOnly>
<backgroundColor>-16777216</backgroundColor>
<lineWidth>1</lineWidth>
<points>
<point x="636" y="363"/>
<point x="636" y="325"/>
</points>
</Connector>
<Connector class="oracle.dbtools.crest.swingui.relational.TVFKRelation" oid="533EE1B5-3C83-73F2-7CCA-923A7A9D770C" otype="FKIndexAssociation" vid_source="81E6B608-83D3-3CED-D36E-9CC022EB0A72" vid_target="05B7ED90-0611-41EC-B429-FB9D1C9C14D2">
<hideElementsInCurrentOnly>false</hideElementsInCurrentOnly>
<backgroundColor>-16777216</backgroundColor>
<lineWidth>1</lineWidth>
<points>
<point x="156" y="279"/>
<point x="233" y="279"/>
</points>
</Connector>
<Connector class="oracle.dbtools.crest.swingui.relational.TVFKRelation" oid="5961B3E5-272B-1062-3E3B-3F741FDD1726" otype="FKIndexAssociation" vid_source="5DF30E6E-CB28-2990-5BAB-E74DDF90A84C" vid_target="05B7ED90-0611-41EC-B429-FB9D1C9C14D2">
<hideElementsInCurrentOnly>false</hideElementsInCurrentOnly>
<backgroundColor>-16777216</backgroundColor>
<lineWidth>1</lineWidth>
<points>
<point x="150" y="382"/>
<point x="233" y="319"/>
</points>
</Connector>
<Connector class="oracle.dbtools.crest.swingui.relational.TVFKRelation" oid="7F7CADEB-90BE-711E-343E-7FBBECBD47C3" otype="FKIndexAssociation" vid_source="05B7ED90-0611-41EC-B429-FB9D1C9C14D2" vid_target="6A82D465-B6FD-99D4-B3A4-B4957157B226">
<hideElementsInCurrentOnly>false</hideElementsInCurrentOnly>
<backgroundColor>-16777216</backgroundColor>
<lineWidth>1</lineWidth>
<points>
<point x="233" y="316"/>
<point x="156" y="316"/>
</points>
</Connector>
<Connector class="oracle.dbtools.crest.swingui.relational.TVFKRelation" oid="83679BA7-58EA-71EA-5E84-C663931E70BC" otype="FKIndexAssociation" vid_source="05B7ED90-0611-41EC-B429-FB9D1C9C14D2" vid_target="81E6B608-83D3-3CED-D36E-9CC022EB0A72">
<hideElementsInCurrentOnly>false</hideElementsInCurrentOnly>
<backgroundColor>-16777216</backgroundColor>
<lineWidth>1</lineWidth>
<points>
<point x="233" y="279"/>
<point x="156" y="279"/>
</points>
</Connector>
<Connector class="oracle.dbtools.crest.swingui.relational.TVFKRelation" oid="8380F4FA-8D93-ADF8-C235-78D6557CFC5C" otype="FKIndexAssociation" vid_source="05B7ED90-0611-41EC-B429-FB9D1C9C14D2" vid_target="57C887D2-66F7-A313-8931-C71D4BE6E902">
<hideElementsInCurrentOnly>false</hideElementsInCurrentOnly>
<backgroundColor>-16777216</backgroundColor>
<lineWidth>1</lineWidth>
<points>
<point x="334" y="256"/>
<point x="495" y="140"/>
</points>
</Connector>
<Connector class="oracle.dbtools.crest.swingui.relational.TVFKRelation" oid="84C63DF6-DBA9-19B1-AEC1-0A828CDA0203" otype="FKIndexAssociation" vid_source="4D7F8414-62D7-2F20-29AD-D86C36E2079D" vid_target="57C887D2-66F7-A313-8931-C71D4BE6E902">
<hideElementsInCurrentOnly>false</hideElementsInCurrentOnly>
<backgroundColor>-16777216</backgroundColor>
<lineWidth>1</lineWidth>
<points>
<point x="357" y="112"/>
<point x="451" y="112"/>
</points>
</Connector>
<Connector class="oracle.dbtools.crest.swingui.relational.TVFKRelation" oid="8511B6C6-E1DC-1226-C201-09AE737515B0" otype="FKIndexAssociation" vid_source="3BA02165-6696-E2F1-8FD5-B7D934339B84" vid_target="57C887D2-66F7-A313-8931-C71D4BE6E902">
<hideElementsInCurrentOnly>false</hideElementsInCurrentOnly>
<backgroundColor>-16777216</backgroundColor>
<lineWidth>1</lineWidth>
<points>
<point x="558" y="363"/>
<point x="558" y="140"/>
</points>
</Connector>
<Connector class="oracle.dbtools.crest.swingui.relational.TVFKRelation" oid="8C71A581-565D-D944-242B-3C99929C5C42" otype="FKIndexAssociation" vid_source="05B7ED90-0611-41EC-B429-FB9D1C9C14D2" vid_target="5DF30E6E-CB28-2990-5BAB-E74DDF90A84C">
<hideElementsInCurrentOnly>false</hideElementsInCurrentOnly>
<backgroundColor>-16777216</backgroundColor>
<lineWidth>1</lineWidth>
<points>
<point x="239" y="319"/>
<point x="150" y="400"/>
</points>
</Connector>
<Connector class="oracle.dbtools.crest.swingui.relational.TVFKRelation" oid="A54D9048-E7A8-AA93-4153-9F552C742E94" otype="FKIndexAssociation" vid_source="6A82D465-B6FD-99D4-B3A4-B4957157B226" vid_target="05B7ED90-0611-41EC-B429-FB9D1C9C14D2">
<hideElementsInCurrentOnly>false</hideElementsInCurrentOnly>
<backgroundColor>-16777216</backgroundColor>
<lineWidth>1</lineWidth>
<points>
<point x="156" y="316"/>
<point x="233" y="316"/>
</points>
</Connector>
<Connector class="oracle.dbtools.crest.swingui.relational.TVFKRelation" oid="BAC869C2-1ADC-ABBA-B17E-A7A7879F483C" otype="FKIndexAssociation" vid_source="57C887D2-66F7-A313-8931-C71D4BE6E902" vid_target="4D318DD1-B0EC-6AA6-69D7-8CAB89260322">
<hideElementsInCurrentOnly>false</hideElementsInCurrentOnly>
<backgroundColor>-16777216</backgroundColor>
<lineWidth>1</lineWidth>
<points>
<point x="637" y="140"/>
<point x="637" y="222"/>
</points>
</Connector>
<Connector class="oracle.dbtools.crest.swingui.relational.TVFKRelation" oid="C85650F5-A21E-5AD0-410D-17F34575DFEB" otype="FKIndexAssociation" vid_source="D04104B0-4051-A2B0-D561-674BC6B9667D" vid_target="05B7ED90-0611-41EC-B429-FB9D1C9C14D2">
<hideElementsInCurrentOnly>false</hideElementsInCurrentOnly>
<backgroundColor>-16777216</backgroundColor>
<lineWidth>1</lineWidth>
<points>
<point x="171" y="241"/>
<point x="233" y="256"/>
</points>
</Connector>
<Connector class="oracle.dbtools.crest.swingui.relational.TVFKRelation" oid="DDA8FFDD-4E77-6206-2731-40E2877D43A1" otype="FKIndexAssociation" vid_source="57C887D2-66F7-A313-8931-C71D4BE6E902" vid_target="3BA02165-6696-E2F1-8FD5-B7D934339B84">
<hideElementsInCurrentOnly>false</hideElementsInCurrentOnly>
<backgroundColor>-16777216</backgroundColor>
<lineWidth>1</lineWidth>
<points>
<point x="558" y="140"/>
<point x="558" y="363"/>
</points>
</Connector>
<Connector class="oracle.dbtools.crest.swingui.relational.TVFKRelation" oid="E9058612-EBBA-D88D-F46E-4732AAE210D5" otype="FKIndexAssociation" vid_source="57C887D2-66F7-A313-8931-C71D4BE6E902" vid_target="0B880DE2-25B3-EE7C-51FC-67D5F62E20A1">
<hideElementsInCurrentOnly>false</hideElementsInCurrentOnly>
<backgroundColor>-16777216</backgroundColor>
<lineWidth>1</lineWidth>
<points>
<point x="667" y="94"/>
<point x="724" y="94"/>
</points>
</Connector>
</connectors>
</Diagram>