<?xml version = '1.0' encoding = 'UTF-8'?>
<FKArc class="oracle.dbtools.crest.model.design.relational.FKArc" directorySegmentName="seg_0" id="1EEFB425-69D7-7F25-969C-E97C53355C70" name="FKArc_1">
<createdBy>jbarr</createdBy>
<createdTime>2024-09-01 22:45:04 UTC</createdTime>
<ownerDesignName>SEMANA4</ownerDesignName>
<importedID>72FC6E08-309D-3E5B-3BB3-0CB9CDB8A584</importedID>
<mandatory>false</mandatory>
<reverseArc>true</reverseArc>
<table>4579A7C7-3F65-F4B2-AC7A-3604F918DD4D</table>
<fkeys>
<fkeyID>AD117736-482D-9765-FD3E-112163D3A35A</fkeyID>
<fkeyID>259F0036-482D-CE5E-A7E5-146F088747C4</fkeyID>
<fkeyID>939F8D0A-8849-9C18-E414-4F5D25F51637</fkeyID>
<fkeyID>399405DB-D0D5-30EE-67D7-2BE833F84094</fkeyID>
</fkeys>
</FKArc>