<?xml version = '1.0' encoding = 'UTF-8'?>
<Relation class="oracle.dbtools.crest.model.design.logical.Relation" name="Relation_10" directorySegmentName="seg_0" id="91335E5F-99E6-C359-36AF-BEEED34BD33C">
<createdBy>jbarr</createdBy>
<createdTime>2024-09-01 23:18:21 UTC</createdTime>
<ownerDesignName>SEMANA4</ownerDesignName>
<engineerTo>
<item key="EE2074B6-64E0-1B66-4C73-59608D263DD4" value="true"/>
<item key="AB37EA9A-F0B4-0521-58E5-FA952804FBFD" value="true"/>
</engineerTo>
<sourcePk>FAF94444-FAFC-3191-AB6E-F4AA6BC94479</sourcePk>
<targetPk>B514C042-6AE0-51CE-65E7-B088A7D6525D</targetPk>
<identifying>false</identifying>
<optionalSource>true</optionalSource>
<optionalTarget>false</optionalTarget>
<sourceCardinality>1</sourceCardinality>
<sourceEntity>3CB8A065-8E82-1EE3-2267-91A39CDAD0F6</sourceEntity>
<targetCardinalityString>*</targetCardinalityString>
<targetEntity>024A7492-7AB0-1BFB-FB66-8D00A169BBE0</targetEntity>
<transferable>true</transferable>
<deleteRule>NO ACTION</deleteRule>
</Relation>