<?xml version = '1.0' encoding = 'UTF-8'?>
<Relation class="oracle.dbtools.crest.model.design.logical.Relation" name="Relation_14" directorySegmentName="seg_0" id="B6641644-0255-88B1-ECC0-BFE604ECD0AA">
<createdBy>jbarr</createdBy>
<createdTime>2024-09-01 23:36:04 UTC</createdTime>
<ownerDesignName>SEMANA4</ownerDesignName>
<engineerTo>
<item key="EE2074B6-64E0-1B66-4C73-59608D263DD4" value="true"/>
<item key="AB37EA9A-F0B4-0521-58E5-FA952804FBFD" value="true"/>
</engineerTo>
<sourcePk>B514C042-6AE0-51CE-65E7-B088A7D6525D</sourcePk>
<targetPk>F7B1C110-93CA-2510-2D10-060B44CF0AB2</targetPk>
<identifying>false</identifying>
<optionalSource>false</optionalSource>
<optionalTarget>false</optionalTarget>
<sourceCardinality>1</sourceCardinality>
<sourceEntity>024A7492-7AB0-1BFB-FB66-8D00A169BBE0</sourceEntity>
<targetCardinalityString>1</targetCardinalityString>
<targetEntity>FBE9C8B5-B37A-A40E-8904-4E8D8CFDBCA6</targetEntity>
<transferable>true</transferable>
<deleteRule>NO ACTION</deleteRule>
</Relation>