<?xml version = '1.0' encoding = 'UTF-8'?>
<Relation class="oracle.dbtools.crest.model.design.logical.Relation" name="Relation_9" directorySegmentName="seg_0" id="D6B6A0DC-79C1-F178-60A7-2A781AED9777">
<createdBy>jbarr</createdBy>
<createdTime>2024-09-01 23:17:35 UTC</createdTime>
<ownerDesignName>SEMANA4</ownerDesignName>
<engineerTo>
<item key="EE2074B6-64E0-1B66-4C73-59608D263DD4" value="true"/>
<item key="AB37EA9A-F0B4-0521-58E5-FA952804FBFD" value="true"/>
</engineerTo>
<sourcePk>219B9F21-FB96-3548-88B6-A9A08D7DB179</sourcePk>
<targetPk>B514C042-6AE0-51CE-65E7-B088A7D6525D</targetPk>
<identifying>false</identifying>
<optionalSource>true</optionalSource>
<optionalTarget>false</optionalTarget>
<sourceCardinality>1</sourceCardinality>
<sourceEntity>613ADC38-B0CA-8C15-74FA-EFD38B6DE169</sourceEntity>
<targetCardinalityString>*</targetCardinalityString>
<targetEntity>024A7492-7AB0-1BFB-FB66-8D00A169BBE0</targetEntity>
<transferable>true</transferable>
<deleteRule>NO ACTION</deleteRule>
</Relation>