<?xml version = '1.0' encoding = 'UTF-8'?>
<Diagram class="oracle.dbtools.crest.swingui.relational.DPVRelational" name="Relational_1(2)" id="FB5B20F8-7AFF-CC58-C7CE-A9728DC48583">
<createdBy>jbarr</createdBy>
<modifiedBy>jbarr</modifiedBy>
<createdTime>2024-09-01 22:45:04 UTC</createdTime>
<autoRoute>false</autoRoute>
<boxInbox>true</boxInbox>
<showLegend>false</showLegend>
<showLabels>false</showLabels>
<showRelAttributes>false</showRelAttributes>
<gridEnabled>false</gridEnabled>
<showGrid>false</showGrid>
<diagramColor>-1</diagramColor>
<display>false</display>
<notation>1</notation>
<objectViews>
<OView class="oracle.dbtools.crest.swingui.relational.TVTable" oid="0C77E0C2-91B9-7D7A-252A-94BAFE0C7E13" otype="Table" vid="C208C40E-F939-1ABF-B343-0F4506CD06F7">
<hideElementsInCurrentOnly>false</hideElementsInCurrentOnly>
<bounds x="884" y="419" width="131" height="54"/>
</OView>
<OView class="oracle.dbtools.crest.swingui.relational.TVView" oid="3ACCA6E8-DD3B-F4FB-0EAE-03C6921BACD1" otype="View" vid="B91504DB-567A-7D9B-A360-E95F3D52A3BB">
<hideElementsInCurrentOnly>false</hideElementsInCurrentOnly>
<bounds x="301" y="534" width="243" height="112"/>
</OView>
<OView class="oracle.dbtools.crest.swingui.relational.TVTable" oid="4579A7C7-3F65-F4B2-AC7A-3604F918DD4D" otype="Table" vid="E136B2FB-08FD-91D8-61B4-0BBF5332D89C">
<hideElementsInCurrentOnly>false</hideElementsInCurrentOnly>
<bounds x="741" y="287" width="115" height="63"/>
</OView>
<OView class="oracle.dbtools.crest.swingui.relational.TVView" oid="55BB26C2-B005-4BB3-6BFB-5F1FE684DAF4" otype="View" vid="0B011D97-5A7B-BAC6-11DC-1C416DD774EA">
<hideElementsInCurrentOnly>false</hideElementsInCurrentOnly>
<bounds x="343" y="696" width="273" height="98"/>
</OView>
<OView class="oracle.dbtools.crest.swingui.relational.TVView" oid="5CC01928-29E9-6D75-4AD0-902CDE221901" otype="View" vid="9E860806-66CF-17B8-A692-716A75F3D27E">
<hideElementsInCurrentOnly>false</hideElementsInCurrentOnly>
<bounds x="20" y="696" width="273" height="98"/>
</OView>
<OView class="oracle.dbtools.crest.swingui.relational.TVView" oid="73A96852-709F-0A9B-7387-EF8F7C3656E0" otype="View" vid="F8327C2F-74D6-746A-2707-BE1F77C4C98B">
<hideElementsInCurrentOnly>false</hideElementsInCurrentOnly>
<bounds x="666" y="696" width="245" height="70"/>
</OView>
<OView class="oracle.dbtools.crest.swingui.relational.TVTable" oid="75D9B9B3-A4CD-11A2-C373-88388F9D6F1B" otype="Table" vid="C8B2DC8A-E8BB-3A4F-E45C-F5F009202797">
<hideElementsInCurrentOnly>false</hideElementsInCurrentOnly>
<bounds x="718" y="157" width="145" height="76"/>
</OView>
<OView class="oracle.dbtools.crest.swingui.relational.TVView" oid="AAA0579A-EA8E-15F4-2B85-7A3F3F5E69B9" otype="View" vid="BA91E80E-4AA3-D4F8-9B07-C221B56A0F0C">
<hideElementsInCurrentOnly>false</hideElementsInCurrentOnly>
<bounds x="20" y="534" width="231" height="98"/>
</OView>
<OView class="oracle.dbtools.crest.swingui.relational.TVView" oid="AD703AC9-DEE8-019B-AFCB-2B4178BBAE09" otype="View" vid="BFAA4225-1C29-0708-D8AD-C0B435DA8BF3">
<hideElementsInCurrentOnly>false</hideElementsInCurrentOnly>
<bounds x="917" y="534" width="293" height="98"/>
</OView>
<OView class="oracle.dbtools.crest.swingui.relational.TVTable" oid="C23955E4-917B-AA9B-CF89-C5808108B2D7" otype="Table" vid="F95D13A5-1B7E-86AF-0E52-7E3FC2AEE497">
<hideElementsInCurrentOnly>false</hideElementsInCurrentOnly>
<bounds x="348" y="38" width="160" height="77"/>
</OView>
<OView class="oracle.dbtools.crest.swingui.relational.TVTable" oid="C3BCCF3D-B53E-8033-7C04-57FBE4CACE87" otype="Table" vid="B5C50638-51C8-19B0-1E64-2ECF32245732">
<hideElementsInCurrentOnly>false</hideElementsInCurrentOnly>
<bounds x="28" y="33" width="121" height="112"/>
</OView>
<OView class="oracle.dbtools.crest.swingui.relational.TVTable" oid="D6D470B7-4344-101D-4E65-311C4930FDF2" otype="Table" vid="CF05CF0A-4358-2946-CEBC-395D588E6AED">
<hideElementsInCurrentOnly>false</hideElementsInCurrentOnly>
<bounds x="705" y="433" width="130" height="51"/>
</OView>
<OView class="oracle.dbtools.crest.swingui.relational.TVTable" oid="EBD1B354-0754-8E3F-B5E2-A28175B4DDBD" otype="Table" vid="00D16CC0-36D1-96E1-07EC-C7829AB3075F">
<hideElementsInCurrentOnly>false</hideElementsInCurrentOnly>
<bounds x="919" y="279" width="129" height="66"/>
</OView>
<OView class="oracle.dbtools.crest.swingui.relational.TVView" oid="EFBC6562-854A-74AC-B4E1-157C22E785FC" otype="View" vid="96A1B2F8-9799-6904-C829-F398F66F8FDF">
<hideElementsInCurrentOnly>false</hideElementsInCurrentOnly>
<bounds x="594" y="534" width="273" height="98"/>
</OView>
</objectViews>
<connectors>
<Connector class="oracle.dbtools.crest.swingui.relational.TVFKRelation" oid="0EDF9452-85B7-9D71-BA21-88884EE06CFF" otype="FKIndexAssociation" vid_source="E136B2FB-08FD-91D8-61B4-0BBF5332D89C" vid_target="CF05CF0A-4358-2946-CEBC-395D588E6AED">
<hideElementsInCurrentOnly>false</hideElementsInCurrentOnly>
<backgroundColor>-16777216</backgroundColor>
<lineWidth>1</lineWidth>
<points>
<point x="741" y="287"/>
<point x="803" y="433"/>
</points>
</Connector>
<Connector class="oracle.dbtools.crest.swingui.relational.TVFKRelation" oid="259F0036-482D-CE5E-A7E5-146F088747C4" otype="FKIndexAssociation" vid_source="E136B2FB-08FD-91D8-61B4-0BBF5332D89C" vid_target="CF05CF0A-4358-2946-CEBC-395D588E6AED">
<hideElementsInCurrentOnly>false</hideElementsInCurrentOnly>
<backgroundColor>-16777216</backgroundColor>
<lineWidth>1</lineWidth>
<points>
<point x="788" y="350"/>
<point x="788" y="433"/>
</points>
</Connector>
<Connector class="oracle.dbtools.crest.swingui.relational.TVFKRelation" oid="399405DB-D0D5-30EE-67D7-2BE833F84094" otype="FKIndexAssociation" vid_source="E136B2FB-08FD-91D8-61B4-0BBF5332D89C" vid_target="C8B2DC8A-E8BB-3A4F-E45C-F5F009202797">
<hideElementsInCurrentOnly>false</hideElementsInCurrentOnly>
<backgroundColor>-16777216</backgroundColor>
<lineWidth>1</lineWidth>
<points>
<point x="798" y="287"/>
<point x="798" y="233"/>
</points>
</Connector>
<Connector class="oracle.dbtools.crest.swingui.relational.TVFKRelation" oid="53CA7D95-08C5-1905-500E-7AD1C223FCD5" otype="FKIndexAssociation" vid_source="E136B2FB-08FD-91D8-61B4-0BBF5332D89C" vid_target="C8B2DC8A-E8BB-3A4F-E45C-F5F009202797">
<hideElementsInCurrentOnly>false</hideElementsInCurrentOnly>
<backgroundColor>-16777216</backgroundColor>
<lineWidth>1</lineWidth>
<points>
<point x="741" y="287"/>
<point x="813" y="233"/>
</points>
</Connector>
<Connector class="oracle.dbtools.crest.swingui.relational.TVFKRelation" oid="5AB35BF4-F4A3-DD02-A0F8-D0D17480A686" otype="FKIndexAssociation" vid_source="B5C50638-51C8-19B0-1E64-2ECF32245732" vid_target="E136B2FB-08FD-91D8-61B4-0BBF5332D89C">
<hideElementsInCurrentOnly>false</hideElementsInCurrentOnly>
<backgroundColor>-16777216</backgroundColor>
<lineWidth>1</lineWidth>
<points>
<point x="88" y="145"/>
<point x="741" y="287"/>
</points>
</Connector>
<Connector class="oracle.dbtools.crest.swingui.relational.TVFKRelation" oid="939F8D0A-8849-9C18-E414-4F5D25F51637" otype="FKIndexAssociation" vid_source="E136B2FB-08FD-91D8-61B4-0BBF5332D89C" vid_target="00D16CC0-36D1-96E1-07EC-C7829AB3075F">
<hideElementsInCurrentOnly>false</hideElementsInCurrentOnly>
<backgroundColor>-16777216</backgroundColor>
<lineWidth>1</lineWidth>
<points>
<point x="856" y="331"/>
<point x="919" y="331"/>
</points>
</Connector>
<Connector class="oracle.dbtools.crest.swingui.relational.TVFKRelation" oid="AD117736-482D-9765-FD3E-112163D3A35A" otype="FKIndexAssociation" vid_source="E136B2FB-08FD-91D8-61B4-0BBF5332D89C" vid_target="C208C40E-F939-1ABF-B343-0F4506CD06F7">
<hideElementsInCurrentOnly>false</hideElementsInCurrentOnly>
<backgroundColor>-16777216</backgroundColor>
<lineWidth>1</lineWidth>
<points>
<point x="835" y="350"/>
<point x="917" y="419"/>
</points>
</Connector>
<Connector class="oracle.dbtools.crest.swingui.relational.TVFKRelation" oid="BEEDDB0C-13DF-4B2B-BFBE-68FEB79E228F" otype="FKIndexAssociation" vid_source="B5C50638-51C8-19B0-1E64-2ECF32245732" vid_target="F95D13A5-1B7E-86AF-0E52-7E3FC2AEE497">
<hideElementsInCurrentOnly>false</hideElementsInCurrentOnly>
<backgroundColor>-16777216</backgroundColor>
<lineWidth>1</lineWidth>
<points>
<point x="149" y="76"/>
<point x="348" y="76"/>
</points>
</Connector>
<Connector class="oracle.dbtools.crest.swingui.relational.TVFKRelation" oid="E3BDB71F-9BFE-4C32-81E1-06E1DFC0340E" otype="FKIndexAssociation" vid_source="E136B2FB-08FD-91D8-61B4-0BBF5332D89C" vid_target="C208C40E-F939-1ABF-B343-0F4506CD06F7">
<hideElementsInCurrentOnly>false</hideElementsInCurrentOnly>
<backgroundColor>-16777216</backgroundColor>
<lineWidth>1</lineWidth>
<points>
<point x="741" y="287"/>
<point x="884" y="428"/>
</points>
</Connector>
<Connector class="oracle.dbtools.crest.swingui.relational.TVFKRelation" oid="FB9ADAE1-CC35-1B30-540E-8AFCEE910FA1" otype="FKIndexAssociation" vid_source="E136B2FB-08FD-91D8-61B4-0BBF5332D89C" vid_target="00D16CC0-36D1-96E1-07EC-C7829AB3075F">
<hideElementsInCurrentOnly>false</hideElementsInCurrentOnly>
<backgroundColor>-16777216</backgroundColor>
<lineWidth>1</lineWidth>
<points>
<point x="741" y="287"/>
<point x="919" y="316"/>
</points>
</Connector>
</connectors>
<arcs>
<Arc class="oracle.dbtools.crest.swingui.relational.TVFKArc" oid="1EEFB425-69D7-7F25-969C-E97C53355C70" otype="FKArc" vid="76F7DF82-2946-FFD3-7B74-568D29247580">
<hideElementsInCurrentOnly>false</hideElementsInCurrentOnly>
<bounds x="721" y="267" width="155" height="103"/>
</Arc>
</arcs>
</Diagram>