<?xml version = '1.0' encoding = 'UTF-8'?>
<Diagram class="oracle.dbtools.crest.swingui.logical.DPVLogical" name="Logical" id="766E82C4-3FB8-59EA-B33E-04C9415B3593">
<createdBy>jbarr</createdBy>
<modifiedBy>jbarr</modifiedBy>
<createdTime>2024-09-01 22:45:04 UTC</createdTime>
<autoRoute>false</autoRoute>
<boxInbox>true</boxInbox>
<showLegend>false</showLegend>
<showLabels>false</showLabels>
<showRelAttributes>false</showRelAttributes>
<gridEnabled>false</gridEnabled>
<showGrid>false</showGrid>
<diagramColor>-1</diagramColor>
<display>false</display>
<notation>1</notation>
<objectViews>
<OView class="oracle.dbtools.crest.swingui.logical.TVEntity" oid="024A7492-7AB0-1BFB-FB66-8D00A169BBE0" otype="Entity" vid="FB512C35-ED56-D409-CB08-3D19A27AD506">
<hideElementsInCurrentOnly>false</hideElementsInCurrentOnly>
<bounds x="451" y="49" width="216" height="91"/>
</OView>
<OView class="oracle.dbtools.crest.swingui.logical.TVEntity" oid="1E1BFAC1-23D6-9CCF-D052-1F4D44EB5A8D" otype="Entity" vid="A0B13599-09DA-79B1-A4BA-63FAF5C78B48">
<hideElementsInCurrentOnly>false</hideElementsInCurrentOnly>
<bounds x="26" y="251" width="130" height="51"/>
</OView>
<OView class="oracle.dbtools.crest.swingui.logical.TVEntity" oid="2BDA978B-AB72-5D8E-7CB0-7CA9F042746F" otype="Entity" vid="B8DC68D8-0011-3AB2-7D46-5E96BCF0E353">
<hideElementsInCurrentOnly>false</hideElementsInCurrentOnly>
<bounds x="24" y="48" width="160" height="77"/>
</OView>
<OView class="oracle.dbtools.crest.swingui.logical.TVEntity" oid="3CB8A065-8E82-1EE3-2267-91A39CDAD0F6" otype="Entity" vid="B0D29848-8D51-B079-B01C-929412BF8598">
<hideElementsInCurrentOnly>false</hideElementsInCurrentOnly>
<bounds x="233" y="256" width="115" height="63"/>
</OView>
<OView class="oracle.dbtools.crest.swingui.logical.TVEntity" oid="3D41F1EE-39B3-F814-621C-DBCFE0C232D9" otype="Entity" vid="22050425-F318-D993-F169-02CA6843F722">
<hideElementsInCurrentOnly>false</hideElementsInCurrentOnly>
<bounds x="607" y="222" width="209" height="103"/>
</OView>
<OView class="oracle.dbtools.crest.swingui.logical.TVEntity" oid="613ADC38-B0CA-8C15-74FA-EFD38B6DE169" otype="Entity" vid="A4E1F2E9-E496-6C16-D41F-1D70336CC51A">
<hideElementsInCurrentOnly>false</hideElementsInCurrentOnly>
<bounds x="236" y="84" width="121" height="112"/>
</OView>
<OView class="oracle.dbtools.crest.swingui.logical.TVEntity" oid="71B5D3C9-E213-B1AF-1A63-07A1F5806C49" otype="Entity" vid="E3B72B5C-138C-A65E-0F94-E62EA7D837E7">
<hideElementsInCurrentOnly>false</hideElementsInCurrentOnly>
<bounds x="87" y="384" width="129" height="66"/>
</OView>
<OView class="oracle.dbtools.crest.swingui.logical.TVEntity" oid="798A173B-7E34-B477-BC09-941CB7870154" otype="Entity" vid="7715A4DA-87CE-4319-B9C8-DFCA07E6161C">
<hideElementsInCurrentOnly>false</hideElementsInCurrentOnly>
<bounds x="26" y="165" width="145" height="76"/>
</OView>
<OView class="oracle.dbtools.crest.swingui.logical.TVEntity" oid="7AB22C9D-4C23-928C-3C0F-C95015CA8E74" otype="Entity" vid="7FB17AB2-9748-8161-B457-0C0E11A47D6F">
<hideElementsInCurrentOnly>false</hideElementsInCurrentOnly>
<bounds x="25" y="314" width="131" height="54"/>
</OView>
<OView class="oracle.dbtools.crest.swingui.logical.TVEntity" oid="91490E91-24B7-AFB4-67B3-C1550EFF5E29" otype="Entity" vid="07D84CFA-7361-D62F-2B19-23193E311EB9">
<hideElementsInCurrentOnly>false</hideElementsInCurrentOnly>
<bounds x="724" y="49" width="194" height="115"/>
</OView>
<OView class="oracle.dbtools.crest.swingui.logical.TVEntity" oid="FBE9C8B5-B37A-A40E-8904-4E8D8CFDBCA6" otype="Entity" vid="EDC8C73A-544A-ED59-F67A-16C649594EEF">
<hideElementsInCurrentOnly>false</hideElementsInCurrentOnly>
<bounds x="451" y="363" width="215" height="107"/>
</OView>
</objectViews>
<connectors>
<Connector class="oracle.dbtools.crest.swingui.logical.TVRelation" oid="32A3E5AC-0E5F-115F-2220-7C6107AE81B5" otype="Relation" vid_source="B0D29848-8D51-B079-B01C-929412BF8598" vid_target="A0B13599-09DA-79B1-A4BA-63FAF5C78B48">
<hideElementsInCurrentOnly>false</hideElementsInCurrentOnly>
<backgroundColor>-16777216</backgroundColor>
<lineWidth>1</lineWidth>
<points>
<point x="233" y="279"/>
<point x="156" y="279"/>
</points>
</Connector>
<Connector class="oracle.dbtools.crest.swingui.logical.TVRelation" oid="478F9EA1-ED74-4649-9AA5-CB9ED0F4AC06" otype="Relation" vid_source="A4E1F2E9-E496-6C16-D41F-1D70336CC51A" vid_target="B8DC68D8-0011-3AB2-7D46-5E96BCF0E353">
<hideElementsInCurrentOnly>false</hideElementsInCurrentOnly>
<backgroundColor>-16777216</backgroundColor>
<lineWidth>1</lineWidth>
<points>
<point x="236" y="104"/>
<point x="184" y="104"/>
</points>
</Connector>
<Connector class="oracle.dbtools.crest.swingui.logical.TVRelation" oid="54B803D1-318B-A01E-C924-A2EB5ED2575E" otype="Relation" vid_source="FB512C35-ED56-D409-CB08-3D19A27AD506" vid_target="07D84CFA-7361-D62F-2B19-23193E311EB9">
<hideElementsInCurrentOnly>false</hideElementsInCurrentOnly>
<backgroundColor>-16777216</backgroundColor>
<lineWidth>1</lineWidth>
<points>
<point x="667" y="94"/>
<point x="724" y="94"/>
</points>
</Connector>
<Connector class="oracle.dbtools.crest.swingui.logical.TVRelation" oid="7786A160-2AE1-D4CD-77DB-347428A31A87" otype="Relation" vid_source="FB512C35-ED56-D409-CB08-3D19A27AD506" vid_target="22050425-F318-D993-F169-02CA6843F722">
<hideElementsInCurrentOnly>false</hideElementsInCurrentOnly>
<backgroundColor>-16777216</backgroundColor>
<lineWidth>1</lineWidth>
<points>
<point x="637" y="140"/>
<point x="637" y="222"/>
</points>
</Connector>
<Connector class="oracle.dbtools.crest.swingui.logical.TVRelation" oid="91335E5F-99E6-C359-36AF-BEEED34BD33C" otype="Relation" vid_source="B0D29848-8D51-B079-B01C-929412BF8598" vid_target="FB512C35-ED56-D409-CB08-3D19A27AD506">
<hideElementsInCurrentOnly>false</hideElementsInCurrentOnly>
<backgroundColor>-16777216</backgroundColor>
<lineWidth>1</lineWidth>
<points>
<point x="334" y="256"/>
<point x="495" y="140"/>
</points>
</Connector>
<Connector class="oracle.dbtools.crest.swingui.logical.TVRelation" oid="9B4EFD54-9032-BB4B-639C-71760662ABC4" otype="Relation" vid_source="22050425-F318-D993-F169-02CA6843F722" vid_target="EDC8C73A-544A-ED59-F67A-16C649594EEF">
<hideElementsInCurrentOnly>false</hideElementsInCurrentOnly>
<backgroundColor>-16777216</backgroundColor>
<lineWidth>1</lineWidth>
<points>
<point x="636" y="325"/>
<point x="636" y="363"/>
</points>
</Connector>
<Connector class="oracle.dbtools.crest.swingui.logical.TVRelation" oid="B6641644-0255-88B1-ECC0-BFE604ECD0AA" otype="Relation" vid_source="FB512C35-ED56-D409-CB08-3D19A27AD506" vid_target="EDC8C73A-544A-ED59-F67A-16C649594EEF">
<hideElementsInCurrentOnly>false</hideElementsInCurrentOnly>
<backgroundColor>-16777216</backgroundColor>
<lineWidth>1</lineWidth>
<points>
<point x="558" y="140"/>
<point x="558" y="363"/>
</points>
</Connector>
<Connector class="oracle.dbtools.crest.swingui.logical.TVRelation" oid="C73FA435-0A56-5CA7-F3DE-05BC972A4377" otype="Relation" vid_source="B0D29848-8D51-B079-B01C-929412BF8598" vid_target="7FB17AB2-9748-8161-B457-0C0E11A47D6F">
<hideElementsInCurrentOnly>false</hideElementsInCurrentOnly>
<backgroundColor>-16777216</backgroundColor>
<lineWidth>1</lineWidth>
<points>
<point x="233" y="316"/>
<point x="156" y="316"/>
</points>
</Connector>
<Connector class="oracle.dbtools.crest.swingui.logical.TVRelation" oid="D6B6A0DC-79C1-F178-60A7-2A781AED9777" otype="Relation" vid_source="A4E1F2E9-E496-6C16-D41F-1D70336CC51A" vid_target="FB512C35-ED56-D409-CB08-3D19A27AD506">
<hideElementsInCurrentOnly>false</hideElementsInCurrentOnly>
<backgroundColor>-16777216</backgroundColor>
<lineWidth>1</lineWidth>
<points>
<point x="357" y="112"/>
<point x="451" y="112"/>
</points>
</Connector>
<Connector class="oracle.dbtools.crest.swingui.logical.TVRelation" oid="D77886AB-0931-DE6A-59DF-08620BA04ACB" otype="Relation" vid_source="B0D29848-8D51-B079-B01C-929412BF8598" vid_target="7715A4DA-87CE-4319-B9C8-DFCA07E6161C">
<hideElementsInCurrentOnly>false</hideElementsInCurrentOnly>
<backgroundColor>-16777216</backgroundColor>
<lineWidth>1</lineWidth>
<points>
<point x="233" y="262"/>
<point x="171" y="234"/>
</points>
</Connector>
<Connector class="oracle.dbtools.crest.swingui.logical.TVRelation" oid="F1118585-FEF2-6AA8-12BF-BB286BCEC953" otype="Relation" vid_source="A4E1F2E9-E496-6C16-D41F-1D70336CC51A" vid_target="B0D29848-8D51-B079-B01C-929412BF8598">
<hideElementsInCurrentOnly>false</hideElementsInCurrentOnly>
<backgroundColor>-16777216</backgroundColor>
<lineWidth>1</lineWidth>
<points>
<point x="292" y="196"/>
<point x="292" y="256"/>
</points>
</Connector>
<Connector class="oracle.dbtools.crest.swingui.logical.TVRelation" oid="FD10CB29-EA5E-55D8-BBB0-34CBF32B36D4" otype="Relation" vid_source="B0D29848-8D51-B079-B01C-929412BF8598" vid_target="E3B72B5C-138C-A65E-0F94-E62EA7D837E7">
<hideElementsInCurrentOnly>false</hideElementsInCurrentOnly>
<backgroundColor>-16777216</backgroundColor>
<lineWidth>1</lineWidth>
<points>
<point x="256" y="319"/>
<point x="186" y="384"/>
</points>
</Connector>
</connectors>
</Diagram>