<?xml version = '1.0' encoding = 'UTF-8'?>
<Entity class="oracle.dbtools.crest.model.design.logical.Entity" directorySegmentName="seg_0" id="024A7492-7AB0-1BFB-FB66-8D00A169BBE0" name="ORDEN_ATENCION">
<createdBy>jbarr</createdBy>
<createdTime>2024-09-01 23:12:05 UTC</createdTime>
<ownerDesignName>SEMANA4</ownerDesignName>
<engineerTo>
<item key="EE2074B6-64E0-1B66-4C73-59608D263DD4" value="true"/>
<item key="AB37EA9A-F0B4-0521-58E5-FA952804FBFD" value="true"/>
</engineerTo>
<adequatelyNormalized>NO</adequatelyNormalized>
<expectedVolumes>0</expectedVolumes>
<fwdEngineeringStrategyName>Single Table</fwdEngineeringStrategyName>
<growthPercent>0</growthPercent>
<growthType>Year</growthType>
<maxVolumes>9999999</maxVolumes>
<minVolumes>0</minVolumes>
<normalForm>Third</normalForm>
<attributes itemClass="oracle.dbtools.crest.model.design.logical.Attribute">
<Attribute name="ID_ORDEN_ATENCION" id="9774193D-A9AD-3F55-6C44-5B042E1F1CD7">
<createdBy>jbarr</createdBy>
<createdTime>2024-09-01 23:12:13 UTC</createdTime>
<ownerDesignName>SEMANA4</ownerDesignName>
<engineerTo>
<item key="EE2074B6-64E0-1B66-4C73-59608D263DD4" value="true"/>
<item key="AB37EA9A-F0B4-0521-58E5-FA952804FBFD" value="true"/>
</engineerTo>
<useDomainConstraints>false</useDomainConstraints>
<use>1</use>
<logicalDatatype>LOGDT019</logicalDatatype>
<dataTypePrecision>10</dataTypePrecision>
<ownDataTypeParameters>,10,</ownDataTypeParameters>
</Attribute>
<Attribute name="TIPO_SERVICIO" id="17C4BE37-A676-72E7-CD8C-87B201602347">
<createdBy>jbarr</createdBy>
<createdTime>2024-09-01 23:12:29 UTC</createdTime>
<ownerDesignName>SEMANA4</ownerDesignName>
<engineerTo>
<item key="EE2074B6-64E0-1B66-4C73-59608D263DD4" value="true"/>
<item key="AB37EA9A-F0B4-0521-58E5-FA952804FBFD" value="true"/>
</engineerTo>
<useDomainConstraints>false</useDomainConstraints>
<use>1</use>
<logicalDatatype>LOGDT024</logicalDatatype>
<dataTypeSize>20 CHAR</dataTypeSize>
<ownDataTypeParameters>20 CHAR,,</ownDataTypeParameters>
</Attribute>
<Attribute name="FECHA_INGRESO" id="70AACA1C-981D-D50D-30B3-8C94C835C4C6">
<createdBy>jbarr</createdBy>
<createdTime>2024-09-01 23:12:46 UTC</createdTime>
<ownerDesignName>SEMANA4</ownerDesignName>
<engineerTo>
<item key="EE2074B6-64E0-1B66-4C73-59608D263DD4" value="true"/>
<item key="AB37EA9A-F0B4-0521-58E5-FA952804FBFD" value="true"/>
</engineerTo>
<useDomainConstraints>false</useDomainConstraints>
<use>1</use>
<logicalDatatype>LOGDT007</logicalDatatype>
<ownDataTypeParameters>,,</ownDataTypeParameters>
</Attribute>
<Attribute name="RUT_CLIENTE" id="A4CEE91E-54C4-A7E8-48BB-542CD05FA2E0">
<createdBy>jbarr</createdBy>
<createdTime>2024-09-01 23:17:35 UTC</createdTime>
<generatorID>D6B6A0DC-79C1-F178-60A7-2A781AED9777</generatorID>
<ownerDesignName>SEMANA4</ownerDesignName>
<engineerTo>
<item key="EE2074B6-64E0-1B66-4C73-59608D263DD4" value="true"/>
<item key="AB37EA9A-F0B4-0521-58E5-FA952804FBFD" value="true"/>
</engineerTo>
<referedAttribute>F7993294-8C5A-C875-4BE0-FD2A87C19525</referedAttribute>
<useDomainConstraints>false</useDomainConstraints>
<use>1</use>
<logicalDatatype>LOGDT019</logicalDatatype>
<dataTypePrecision>10</dataTypePrecision>
<ownDataTypeParameters>,,</ownDataTypeParameters>
</Attribute>
<Attribute name="PATENTE" id="31CA67AD-E941-0674-27F2-202DCBC0E0A6">
<createdBy>jbarr</createdBy>
<createdTime>2024-09-01 23:18:21 UTC</createdTime>
<generatorID>91335E5F-99E6-C359-36AF-BEEED34BD33C</generatorID>
<ownerDesignName>SEMANA4</ownerDesignName>
<engineerTo>
<item key="EE2074B6-64E0-1B66-4C73-59608D263DD4" value="true"/>
<item key="AB37EA9A-F0B4-0521-58E5-FA952804FBFD" value="true"/>
</engineerTo>
<referedAttribute>260D312F-A69F-FF2C-F0C4-C617B13A41EC</referedAttribute>
<useDomainConstraints>false</useDomainConstraints>
<use>1</use>
<logicalDatatype>LOGDT019</logicalDatatype>
<dataTypePrecision>6</dataTypePrecision>
<ownDataTypeParameters>,,</ownDataTypeParameters>
</Attribute>
<Attribute name="ID_VALIDACION_SERVICIO" id="F7FA91A8-45CF-F44B-8DCD-DE03D7A502B7">
<createdBy>jbarr</createdBy>
<createdTime>2024-09-01 23:19:28 UTC</createdTime>
<generatorID>54B803D1-318B-A01E-C924-A2EB5ED2575E</generatorID>
<ownerDesignName>SEMANA4</ownerDesignName>
<engineerTo>
<item key="EE2074B6-64E0-1B66-4C73-59608D263DD4" value="true"/>
<item key="AB37EA9A-F0B4-0521-58E5-FA952804FBFD" value="true"/>
</engineerTo>
<referedAttribute>D34375DE-D814-A331-5C74-9CB6CB524737</referedAttribute>
<useDomainConstraints>false</useDomainConstraints>
<use>1</use>
<logicalDatatype>LOGDT019</logicalDatatype>
<dataTypePrecision>10</dataTypePrecision>
<ownDataTypeParameters>,,</ownDataTypeParameters>
</Attribute>
<Attribute name="ID_SEGUIMIENTO" id="FFB6A21C-F834-D7F3-5122-C9E1618CBC62">
<createdBy>jbarr</createdBy>
<createdTime>2024-09-01 23:24:03 UTC</createdTime>
<generatorID>7786A160-2AE1-D4CD-77DB-347428A31A87</generatorID>
<ownerDesignName>SEMANA4</ownerDesignName>
<engineerTo>
<item key="EE2074B6-64E0-1B66-4C73-59608D263DD4" value="true"/>
<item key="AB37EA9A-F0B4-0521-58E5-FA952804FBFD" value="true"/>
</engineerTo>
<referedAttribute>99DF4E90-2D97-D7E0-119A-E2D137D24178</referedAttribute>
<useDomainConstraints>false</useDomainConstraints>
<use>1</use>
<logicalDatatype>LOGDT019</logicalDatatype>
<dataTypePrecision>10</dataTypePrecision>
<ownDataTypeParameters>,,</ownDataTypeParameters>
</Attribute>
<Attribute name="ID_ESTADO_VEHICULO" id="B3BF3986-E3DD-CF84-FE06-D200A3E76EBA">
<createdBy>jbarr</createdBy>
<createdTime>2024-09-01 23:36:09 UTC</createdTime>
<generatorID>B6641644-0255-88B1-ECC0-BFE604ECD0AA</generatorID>
<ownerDesignName>SEMANA4</ownerDesignName>
<engineerTo>
<item key="EE2074B6-64E0-1B66-4C73-59608D263DD4" value="true"/>
<item key="AB37EA9A-F0B4-0521-58E5-FA952804FBFD" value="true"/>
</engineerTo>
<referedAttribute>67FB6EA6-5B5F-A1AA-E517-5EE51FE8B72E</referedAttribute>
<useDomainConstraints>false</useDomainConstraints>
<use>1</use>
<logicalDatatype>LOGDT019</logicalDatatype>
<dataTypePrecision>10</dataTypePrecision>
<ownDataTypeParameters>,,</ownDataTypeParameters>
</Attribute>
</attributes>
<identifiers itemClass="oracle.dbtools.crest.model.design.logical.CandidateKey">
<identifier id="B514C042-6AE0-51CE-65E7-B088A7D6525D" name="ORDEN_ATENCION PK">
<createdBy>jbarr</createdBy>
<createdTime>2024-09-01 23:12:28 UTC</createdTime>
<ownerDesignName>SEMANA4</ownerDesignName>
<engineerTo>
<item key="EE2074B6-64E0-1B66-4C73-59608D263DD4" value="true"/>
<item key="AB37EA9A-F0B4-0521-58E5-FA952804FBFD" value="true"/>
</engineerTo>
<pk>true</pk>
<usedAttributes>
<attributeRef>9774193D-A9AD-3F55-6C44-5B042E1F1CD7</attributeRef>
</usedAttributes>
</identifier>
</identifiers>
</Entity>