<?xml version = '1.0' encoding = 'UTF-8'?>
<Entity class="oracle.dbtools.crest.model.design.logical.Entity" directorySegmentName="seg_0" id="3D41F1EE-39B3-F814-621C-DBCFE0C232D9" name="SEGUIMIENTO">
<createdBy>jbarr</createdBy>
<createdTime>2024-09-01 23:15:20 UTC</createdTime>
<ownerDesignName>SEMANA4</ownerDesignName>
<engineerTo>
<item key="EE2074B6-64E0-1B66-4C73-59608D263DD4" value="true"/>
<item key="AB37EA9A-F0B4-0521-58E5-FA952804FBFD" value="true"/>
</engineerTo>
<adequatelyNormalized>NO</adequatelyNormalized>
<expectedVolumes>0</expectedVolumes>
<fwdEngineeringStrategyName>Single Table</fwdEngineeringStrategyName>
<growthPercent>0</growthPercent>
<growthType>Year</growthType>
<maxVolumes>9999999</maxVolumes>
<minVolumes>0</minVolumes>
<normalForm>Third</normalForm>
<attributes itemClass="oracle.dbtools.crest.model.design.logical.Attribute">
<Attribute name="ID_SEGUIMIENTO" id="99DF4E90-2D97-D7E0-119A-E2D137D24178">
<createdBy>jbarr</createdBy>
<createdTime>2024-09-01 23:15:25 UTC</createdTime>
<ownerDesignName>SEMANA4</ownerDesignName>
<engineerTo>
<item key="EE2074B6-64E0-1B66-4C73-59608D263DD4" value="true"/>
<item key="AB37EA9A-F0B4-0521-58E5-FA952804FBFD" value="true"/>
</engineerTo>
<useDomainConstraints>false</useDomainConstraints>
<use>1</use>
<logicalDatatype>LOGDT019</logicalDatatype>
<dataTypePrecision>10</dataTypePrecision>
<ownDataTypeParameters>,10,</ownDataTypeParameters>
</Attribute>
<Attribute name="FECHA_HORA" id="821F4F10-04DF-1F55-FB99-894F71CA9D6A">
<createdBy>jbarr</createdBy>
<createdTime>2024-09-01 23:15:39 UTC</createdTime>
<ownerDesignName>SEMANA4</ownerDesignName>
<engineerTo>
<item key="EE2074B6-64E0-1B66-4C73-59608D263DD4" value="true"/>
<item key="AB37EA9A-F0B4-0521-58E5-FA952804FBFD" value="true"/>
</engineerTo>
<useDomainConstraints>false</useDomainConstraints>
<use>1</use>
<logicalDatatype>LOGDT008</logicalDatatype>
<ownDataTypeParameters>,,</ownDataTypeParameters>
</Attribute>
<Attribute name="ID_ORDEN_ATENCION" id="DCD19FFE-EE24-9F44-33C9-C4E7D1B3CD03">
<createdBy>jbarr</createdBy>
<createdTime>2024-09-01 23:23:57 UTC</createdTime>
<generatorID>7786A160-2AE1-D4CD-77DB-347428A31A87</generatorID>
<ownerDesignName>SEMANA4</ownerDesignName>
<engineerTo>
<item key="EE2074B6-64E0-1B66-4C73-59608D263DD4" value="true"/>
<item key="AB37EA9A-F0B4-0521-58E5-FA952804FBFD" value="true"/>
</engineerTo>
<referedAttribute>9774193D-A9AD-3F55-6C44-5B042E1F1CD7</referedAttribute>
<useDomainConstraints>false</useDomainConstraints>
<use>1</use>
<logicalDatatype>LOGDT019</logicalDatatype>
<dataTypePrecision>10</dataTypePrecision>
<ownDataTypeParameters>,,</ownDataTypeParameters>
</Attribute>
<Attribute name="ID_ESTADO_VEHICULO" id="46B767AA-B000-C087-33A2-D6D0ED266CDA">
<createdBy>jbarr</createdBy>
<createdTime>2024-09-01 23:24:13 UTC</createdTime>
<generatorID>9B4EFD54-9032-BB4B-639C-71760662ABC4</generatorID>
<ownerDesignName>SEMANA4</ownerDesignName>
<engineerTo>
<item key="EE2074B6-64E0-1B66-4C73-59608D263DD4" value="true"/>
<item key="AB37EA9A-F0B4-0521-58E5-FA952804FBFD" value="true"/>
</engineerTo>
<referedAttribute>67FB6EA6-5B5F-A1AA-E517-5EE51FE8B72E</referedAttribute>
<useDomainConstraints>false</useDomainConstraints>
<use>1</use>
<logicalDatatype>LOGDT019</logicalDatatype>
<dataTypePrecision>10</dataTypePrecision>
<ownDataTypeParameters>,,</ownDataTypeParameters>
</Attribute>
</attributes>
<identifiers itemClass="oracle.dbtools.crest.model.design.logical.CandidateKey">
<identifier id="B3B17CCD-D2DE-F7FD-0B2B-5E101C4AD583" name="SEGUIMIENTO PK">
<createdBy>jbarr</createdBy>
<createdTime>2024-09-01 23:15:32 UTC</createdTime>
<ownerDesignName>SEMANA4</ownerDesignName>
<engineerTo>
<item key="EE2074B6-64E0-1B66-4C73-59608D263DD4" value="true"/>
<item key="AB37EA9A-F0B4-0521-58E5-FA952804FBFD" value="true"/>
</engineerTo>
<pk>true</pk>
<usedAttributes>
<attributeRef>99DF4E90-2D97-D7E0-119A-E2D137D24178</attributeRef>
</usedAttributes>
</identifier>
</identifiers>
</Entity>