<?xml version = '1.0' encoding = 'UTF-8'?>
<Entity class="oracle.dbtools.crest.model.design.logical.Entity" directorySegmentName="seg_0" id="7AB22C9D-4C23-928C-3C0F-C95015CA8E74" name="COLOR_VEHICULO">
<createdBy>jbarr</createdBy>
<createdTime>2024-09-01 22:45:04 UTC</createdTime>
<ownerDesignName>SEMANA4</ownerDesignName>
<importedID>49493171-DC69-58DB-92B6-FD248E43BD5E</importedID>
<engineerTo>
<item key="EE2074B6-64E0-1B66-4C73-59608D263DD4" value="true"/>
<item key="AB37EA9A-F0B4-0521-58E5-FA952804FBFD" value="true"/>
</engineerTo>
<adequatelyNormalized>NO</adequatelyNormalized>
<expectedVolumes>0</expectedVolumes>
<fwdEngineeringStrategyName>Single Table</fwdEngineeringStrategyName>
<growthPercent>0</growthPercent>
<growthType>Year</growthType>
<maxVolumes>9999999</maxVolumes>
<minVolumes>0</minVolumes>
<normalForm>Third</normalForm>
<attributes itemClass="oracle.dbtools.crest.model.design.logical.Attribute">
<Attribute name="ID_COLOR" id="3FAE0167-00FA-16A9-0486-8711F2E6EAF1">
<createdBy>jbarr</createdBy>
<createdTime>2024-09-01 22:45:04 UTC</createdTime>
<ownerDesignName>SEMANA4</ownerDesignName>
<importedID>64E7510A-84DC-5EAB-100A-7AD03C094A1D</importedID>
<engineerTo>
<item key="EE2074B6-64E0-1B66-4C73-59608D263DD4" value="true"/>
<item key="AB37EA9A-F0B4-0521-58E5-FA952804FBFD" value="true"/>
</engineerTo>
<useDomainConstraints>false</useDomainConstraints>
<use>1</use>
<logicalDatatype>LOGDT019</logicalDatatype>
<dataTypePrecision>3</dataTypePrecision>
<ownDataTypeParameters>,3,</ownDataTypeParameters>
</Attribute>
<Attribute name="COLOR" id="5D1F102C-79C4-D340-7DA1-377428F551DA">
<createdBy>jbarr</createdBy>
<createdTime>2024-09-01 22:45:04 UTC</createdTime>
<ownerDesignName>SEMANA4</ownerDesignName>
<importedID>B97673A1-60B8-EDA8-39F4-F1CA58E7B0A9</importedID>
<engineerTo>
<item key="EE2074B6-64E0-1B66-4C73-59608D263DD4" value="true"/>
<item key="AB37EA9A-F0B4-0521-58E5-FA952804FBFD" value="true"/>
</engineerTo>
<useDomainConstraints>false</useDomainConstraints>
<use>1</use>
<logicalDatatype>LOGDT024</logicalDatatype>
<dataTypeSize>10 CHAR</dataTypeSize>
<ownDataTypeParameters>10 CHAR,,</ownDataTypeParameters>
</Attribute>
</attributes>
<identifiers itemClass="oracle.dbtools.crest.model.design.logical.CandidateKey">
<identifier id="4984991F-4539-9898-E15A-0B864B5B14E3" name="COLOR_VEHICULO PK">
<createdBy>jbarr</createdBy>
<createdTime>2024-09-01 22:45:04 UTC</createdTime>
<ownerDesignName>SEMANA4</ownerDesignName>
<importedID>B2059E95-07EC-EAC2-AFFD-9D4878331749</importedID>
<engineerTo>
<item key="EE2074B6-64E0-1B66-4C73-59608D263DD4" value="true"/>
<item key="AB37EA9A-F0B4-0521-58E5-FA952804FBFD" value="true"/>
</engineerTo>
<pk>true</pk>
<usedAttributes>
<attributeRef>3FAE0167-00FA-16A9-0486-8711F2E6EAF1</attributeRef>
</usedAttributes>
</identifier>
</identifiers>
</Entity>