<?xml version = '1.0' encoding = 'UTF-8'?>
<Table class="oracle.dbtools.crest.model.design.relational.Table" directorySegmentName="seg_0" id="0C77E0C2-91B9-7D7A-252A-94BAFE0C7E13" name="COLOR_VEHICULO">
<createdBy>jbarr</createdBy>
<createdTime>2024-09-01 22:45:04 UTC</createdTime>
<generatorID>7AB22C9D-4C23-928C-3C0F-C95015CA8E74</generatorID>
<ownerDesignName>SEMANA4</ownerDesignName>
<importedID>A8718FEC-23EF-6BBE-2CC0-2FCB95831603</importedID>
<allowColumnReorder>false</allowColumnReorder>
<existDependencyGenerateInDDl>true</existDependencyGenerateInDDl>
<parsed>true</parsed>
<columns itemClass="oracle.dbtools.crest.model.design.relational.Column">
<Column name="PATENTE" id="902611E8-80F6-1CC4-D8D8-EA09011A2C1A">
<createdBy>jbarr</createdBy>
<createdTime>2024-09-01 22:45:04 UTC</createdTime>
<generatorID>260D312F-A69F-FF2C-F0C4-C617B13A41EC</generatorID>
<ownerDesignName>SEMANA4</ownerDesignName>
<importedID>BA88895D-E228-BD83-9B47-4EA8F424C0D4</importedID>
<useDomainConstraints>false</useDomainConstraints>
<use>1</use>
<logicalDatatype>LOGDT019</logicalDatatype>
<dataTypePrecision>6</dataTypePrecision>
<ownDataTypeParameters>,6,</ownDataTypeParameters>
<autoIncrementCycle>false</autoIncrementCycle>
<associations>
<colAssociation fkAssociation="AD117736-482D-9765-FD3E-112163D3A35A" referredColumn="7EC7AEAD-C26C-E961-F744-8215591977BD"/>
</associations>
</Column>
<Column name="ID_COLOR" id="F0B3D7A5-E567-BE03-979F-818BBAC7603A">
<createdBy>jbarr</createdBy>
<createdTime>2024-09-01 22:45:04 UTC</createdTime>
<generatorID>3FAE0167-00FA-16A9-0486-8711F2E6EAF1</generatorID>
<ownerDesignName>SEMANA4</ownerDesignName>
<importedID>B6E695F0-CF44-D3EB-02C0-8926EBD0A4B3</importedID>
<useDomainConstraints>false</useDomainConstraints>
<use>1</use>
<logicalDatatype>LOGDT019</logicalDatatype>
<dataTypePrecision>3</dataTypePrecision>
<ownDataTypeParameters>,3,</ownDataTypeParameters>
<autoIncrementCycle>false</autoIncrementCycle>
</Column>
<Column name="COLOR" id="4CBA8289-6B85-9331-69D1-FF2CCB3B5C20">
<createdBy>jbarr</createdBy>
<createdTime>2024-09-01 22:45:04 UTC</createdTime>
<generatorID>5D1F102C-79C4-D340-7DA1-377428F551DA</generatorID>
<ownerDesignName>SEMANA4</ownerDesignName>
<importedID>B8AFD192-D337-8E02-9C55-596511D0A821</importedID>
<useDomainConstraints>false</useDomainConstraints>
<use>1</use>
<logicalDatatype>LOGDT024</logicalDatatype>
<dataTypeSize>10 CHAR</dataTypeSize>
<ownDataTypeParameters>10 CHAR,,</ownDataTypeParameters>
<autoIncrementCycle>false</autoIncrementCycle>
</Column>
<Column name="VEHICULO_PATENTE" id="42222420-B2F1-CBBD-5D84-09E0C1574732">
<createdBy>jbarr</createdBy>
<createdTime>2024-09-01 22:45:04 UTC</createdTime>
<generatorID>4F61BEC7-474A-6B04-2685-85D7AA481C70</generatorID>
<ownerDesignName>SEMANA4</ownerDesignName>
<importedID>CF3D1F08-C41E-CCBC-011B-79B5E2FCCF4B</importedID>
<useDomainConstraints>false</useDomainConstraints>
<use>1</use>
<logicalDatatype>LOGDT019</logicalDatatype>
<dataTypePrecision>6</dataTypePrecision>
<ownDataTypeParameters>,6,</ownDataTypeParameters>
<autoIncrementCycle>false</autoIncrementCycle>
<associations>
<colAssociation fkAssociation="E3BDB71F-9BFE-4C32-81E1-06E1DFC0340E" referredColumn="7EC7AEAD-C26C-E961-F744-8215591977BD"/>
</associations>
</Column>
</columns>
<indexes itemClass="oracle.dbtools.crest.model.design.relational.Index">
<ind_PK_UK id="D8830858-57CF-7D4E-B0CF-66D17369BBA6" name="COLOR_VEHICULO_PKv1">
<createdBy>jbarr</createdBy>
<createdTime>2024-09-01 22:45:04 UTC</createdTime>
<generatorID>4984991F-4539-9898-E15A-0B864B5B14E3</generatorID>
<ownerDesignName>SEMANA4</ownerDesignName>
<importedID>BECB1BD0-B1DC-6376-862E-317FCB3B5FC1</importedID>
<pk>true</pk>
<indexState>Primary Constraint</indexState>
<isSurrogateKey>false</isSurrogateKey>
<indexColumnUsage>
<colUsage columnID="F0B3D7A5-E567-BE03-979F-818BBAC7603A"/>
</indexColumnUsage>
</ind_PK_UK>
<ind_PK_UK id="8CD54662-D807-F109-6406-54EC37085FDD" name="COLOR_VEHICULO_PK">
<createdBy>jbarr</createdBy>
<createdTime>2024-09-01 22:45:04 UTC</createdTime>
<generatorID>FAF94444-FAFC-3191-AB6E-F4AA6BC94479</generatorID>
<ownerDesignName>SEMANA4</ownerDesignName>
<importedID>9A0154A9-AB42-ABA3-C577-69CD6F87B8F8</importedID>
<indexState>Unique Constraint</indexState>
<isSurrogateKey>false</isSurrogateKey>
<indexColumnUsage>
<colUsage columnID="902611E8-80F6-1CC4-D8D8-EA09011A2C1A"/>
</indexColumnUsage>
</ind_PK_UK>
<ind_PK_UK id="CDE1BC5E-27FC-AEF8-5399-D9AB58D4028D" name="COLOR_VEHICULO_VEHICULO_FKv2">
<createdBy>jbarr</createdBy>
<createdTime>2024-09-01 22:45:04 UTC</createdTime>
<generatorID>C73FA435-0A56-5CA7-F3DE-05BC972A4377</generatorID>
<ownerDesignName>SEMANA4</ownerDesignName>
<indexState>Foreign Key</indexState>
<isSurrogateKey>false</isSurrogateKey>
<indexColumnUsage>
<colUsage columnID="42222420-B2F1-CBBD-5D84-09E0C1574732"/>
</indexColumnUsage>
</ind_PK_UK>
<ind_PK_UK id="90875CAD-407A-B53D-4F55-3F177965DDDD" name="COLOR_VEHICULO_VEHICULO_FK">
<createdBy>jbarr</createdBy>
<createdTime>2024-09-01 22:45:04 UTC</createdTime>
<generatorID>9029B18E-67CB-B3CD-B847-8251F9A4E0DC</generatorID>
<ownerDesignName>SEMANA4</ownerDesignName>
<indexState>Foreign Key</indexState>
<isSurrogateKey>false</isSurrogateKey>
<indexColumnUsage>
<colUsage columnID="902611E8-80F6-1CC4-D8D8-EA09011A2C1A"/>
</indexColumnUsage>
</ind_PK_UK>
</indexes>
</Table>