<?xml version = '1.0' encoding = 'UTF-8'?>
<Table class="oracle.dbtools.crest.model.design.relational.Table" directorySegmentName="seg_0" id="4579A7C7-3F65-F4B2-AC7A-3604F918DD4D" name="VEHICULO">
<createdBy>jbarr</createdBy>
<createdTime>2024-09-01 22:45:04 UTC</createdTime>
<generatorID>3CB8A065-8E82-1EE3-2267-91A39CDAD0F6</generatorID>
<ownerDesignName>SEMANA4</ownerDesignName>
<importedID>73B0CAB1-5B16-5631-04BE-EFF88198DDEA</importedID>
<allowColumnReorder>false</allowColumnReorder>
<existDependencyGenerateInDDl>true</existDependencyGenerateInDDl>
<parsed>true</parsed>
<columns itemClass="oracle.dbtools.crest.model.design.relational.Column">
<Column name="PATENTE" id="7EC7AEAD-C26C-E961-F744-8215591977BD">
<createdBy>jbarr</createdBy>
<createdTime>2024-09-01 22:45:04 UTC</createdTime>
<generatorID>260D312F-A69F-FF2C-F0C4-C617B13A41EC</generatorID>
<ownerDesignName>SEMANA4</ownerDesignName>
<importedID>24DD90E7-6F1B-2CF6-C063-42ABCEC02FD8</importedID>
<useDomainConstraints>false</useDomainConstraints>
<use>1</use>
<logicalDatatype>LOGDT019</logicalDatatype>
<dataTypePrecision>6</dataTypePrecision>
<ownDataTypeParameters>,6,</ownDataTypeParameters>
<autoIncrementCycle>false</autoIncrementCycle>
</Column>
<Column name="CLIENTE_RUT_CLIENTE" id="6504856E-415E-B27A-8D12-B0E47FD72CCC">
<createdBy>jbarr</createdBy>
<createdTime>2024-09-01 22:45:04 UTC</createdTime>
<generatorID>C3B17297-2FE8-16F5-F30A-C16306C7ACFA</generatorID>
<ownerDesignName>SEMANA4</ownerDesignName>
<importedID>9B71FF23-DAD9-4861-F08F-C431149D6D9D</importedID>
<useDomainConstraints>false</useDomainConstraints>
<use>1</use>
<logicalDatatype>LOGDT019</logicalDatatype>
<dataTypePrecision>10</dataTypePrecision>
<ownDataTypeParameters>,10,</ownDataTypeParameters>
<autoIncrementCycle>false</autoIncrementCycle>
<associations>
<colAssociation fkAssociation="5AB35BF4-F4A3-DD02-A0F8-D0D17480A686" referredColumn="21A55AB2-5704-3B4F-4F32-DDBA697F89AA"/>
</associations>
</Column>
</columns>
<indexes itemClass="oracle.dbtools.crest.model.design.relational.Index">
<ind_PK_UK id="D7152DAA-FF66-29F5-08EB-04E735148975" name="VEHICULO_PK">
<createdBy>jbarr</createdBy>
<createdTime>2024-09-01 22:45:04 UTC</createdTime>
<generatorID>FAF94444-FAFC-3191-AB6E-F4AA6BC94479</generatorID>
<ownerDesignName>SEMANA4</ownerDesignName>
<importedID>EA3F4403-D0DA-B5C8-87AE-B189C95759FE</importedID>
<pk>true</pk>
<indexState>Primary Constraint</indexState>
<isSurrogateKey>false</isSurrogateKey>
<indexColumnUsage>
<colUsage columnID="7EC7AEAD-C26C-E961-F744-8215591977BD"/>
</indexColumnUsage>
</ind_PK_UK>
<ind_PK_UK id="0AF0C24B-3A2F-D18C-2D49-C89996B25A46" name="VEHICULO_CLIENTE_FK">
<createdBy>jbarr</createdBy>
<createdTime>2024-09-01 22:45:04 UTC</createdTime>
<generatorID>F1118585-FEF2-6AA8-12BF-BB286BCEC953</generatorID>
<ownerDesignName>SEMANA4</ownerDesignName>
<indexState>Foreign Key</indexState>
<isSurrogateKey>false</isSurrogateKey>
<indexColumnUsage>
<colUsage columnID="6504856E-415E-B27A-8D12-B0E47FD72CCC"/>
</indexColumnUsage>
</ind_PK_UK>
</indexes>
</Table>