<?xml version = '1.0' encoding = 'UTF-8'?>
<Table class="oracle.dbtools.crest.model.design.relational.Table" directorySegmentName="seg_0" id="75D9B9B3-A4CD-11A2-C373-88388F9D6F1B" name="MODELO_VEHICULO">
<createdBy>jbarr</createdBy>
<createdTime>2024-09-01 22:45:04 UTC</createdTime>
<generatorID>798A173B-7E34-B477-BC09-941CB7870154</generatorID>
<ownerDesignName>SEMANA4</ownerDesignName>
<importedID>C906C910-65C8-53F7-D4B5-DE38415E492D</importedID>
<allowColumnReorder>false</allowColumnReorder>
<existDependencyGenerateInDDl>true</existDependencyGenerateInDDl>
<parsed>true</parsed>
<columns itemClass="oracle.dbtools.crest.model.design.relational.Column">
<Column name="PATENTE" id="5693986D-37AC-5E21-8666-C6E199B323DC">
<createdBy>jbarr</createdBy>
<createdTime>2024-09-01 22:45:04 UTC</createdTime>
<generatorID>260D312F-A69F-FF2C-F0C4-C617B13A41EC</generatorID>
<ownerDesignName>SEMANA4</ownerDesignName>
<importedID>CEB3A7BE-2DBA-8138-A458-4AF37D37510A</importedID>
<useDomainConstraints>false</useDomainConstraints>
<use>1</use>
<logicalDatatype>LOGDT019</logicalDatatype>
<dataTypePrecision>6</dataTypePrecision>
<ownDataTypeParameters>,6,</ownDataTypeParameters>
<autoIncrementCycle>false</autoIncrementCycle>
<associations>
<colAssociation fkAssociation="399405DB-D0D5-30EE-67D7-2BE833F84094" referredColumn="7EC7AEAD-C26C-E961-F744-8215591977BD"/>
</associations>
</Column>
<Column name="ID_MODELO" id="0CE7563E-C881-B0DC-4CE7-C3D7B0237270">
<createdBy>jbarr</createdBy>
<createdTime>2024-09-01 22:45:04 UTC</createdTime>
<generatorID>4F329C25-D75B-CE7C-2DB3-66161DC4F8C4</generatorID>
<ownerDesignName>SEMANA4</ownerDesignName>
<importedID>B07391FF-7367-90E3-D186-9941CB539B32</importedID>
<useDomainConstraints>false</useDomainConstraints>
<use>1</use>
<logicalDatatype>LOGDT019</logicalDatatype>
<dataTypePrecision>10</dataTypePrecision>
<ownDataTypeParameters>,10,</ownDataTypeParameters>
<autoIncrementCycle>false</autoIncrementCycle>
</Column>
<Column name="NOMBRE" id="A00CEC82-3004-F4DD-A2EA-7E39C8326FEE">
<createdBy>jbarr</createdBy>
<createdTime>2024-09-01 22:45:04 UTC</createdTime>
<generatorID>BD2247C9-C1BE-F5BE-DAFD-C0F5BA586E97</generatorID>
<ownerDesignName>SEMANA4</ownerDesignName>
<importedID>BBB5BA32-C711-15D2-52A1-23D815066D0B</importedID>
<useDomainConstraints>false</useDomainConstraints>
<use>1</use>
<logicalDatatype>LOGDT024</logicalDatatype>
<dataTypeSize>30 CHAR</dataTypeSize>
<ownDataTypeParameters>30 CHAR,,</ownDataTypeParameters>
<autoIncrementCycle>false</autoIncrementCycle>
</Column>
<Column name="VEHICULO_PATENTE" id="7D8DE530-1E2F-AE43-9A04-75A8249EF585">
<createdBy>jbarr</createdBy>
<createdTime>2024-09-01 22:45:04 UTC</createdTime>
<generatorID>6EFAD968-71EE-6D6C-B425-307802C00D1B</generatorID>
<ownerDesignName>SEMANA4</ownerDesignName>
<importedID>36633C29-BEDF-F11C-AC02-6D1FD5EC325F</importedID>
<useDomainConstraints>false</useDomainConstraints>
<use>1</use>
<logicalDatatype>LOGDT019</logicalDatatype>
<dataTypePrecision>6</dataTypePrecision>
<ownDataTypeParameters>,6,</ownDataTypeParameters>
<autoIncrementCycle>false</autoIncrementCycle>
<associations>
<colAssociation fkAssociation="53CA7D95-08C5-1905-500E-7AD1C223FCD5" referredColumn="7EC7AEAD-C26C-E961-F744-8215591977BD"/>
</associations>
</Column>
</columns>
<indexes itemClass="oracle.dbtools.crest.model.design.relational.Index">
<ind_PK_UK id="3B92694E-88C5-7DBF-6C8F-E2874BDCB0B2" name="MODELO_VEHICULO_PKv1">
<createdBy>jbarr</createdBy>
<createdTime>2024-09-01 22:45:04 UTC</createdTime>
<generatorID>835D1E4A-6C3C-A95D-F76F-6D29F2361009</generatorID>
<ownerDesignName>SEMANA4</ownerDesignName>
<importedID>C1FE0F72-D87F-5F59-822D-0BD16C831D41</importedID>
<pk>true</pk>
<indexState>Primary Constraint</indexState>
<isSurrogateKey>false</isSurrogateKey>
<indexColumnUsage>
<colUsage columnID="0CE7563E-C881-B0DC-4CE7-C3D7B0237270"/>
</indexColumnUsage>
</ind_PK_UK>
<ind_PK_UK id="8158B1DA-F6FC-960C-8710-DDC20BC6F6FC" name="MODELO_VEHICULO_PK">
<createdBy>jbarr</createdBy>
<createdTime>2024-09-01 22:45:04 UTC</createdTime>
<generatorID>FAF94444-FAFC-3191-AB6E-F4AA6BC94479</generatorID>
<ownerDesignName>SEMANA4</ownerDesignName>
<importedID>EC4E47BA-0CA0-4965-532F-EB0E421B3C43</importedID>
<indexState>Unique Constraint</indexState>
<isSurrogateKey>false</isSurrogateKey>
<indexColumnUsage>
<colUsage columnID="5693986D-37AC-5E21-8666-C6E199B323DC"/>
</indexColumnUsage>
</ind_PK_UK>
<ind_PK_UK id="80F48622-A6D6-2CBE-0672-0482BFF4A069" name="MODELO_VEHICULO_VEHICULO_FKv2">
<createdBy>jbarr</createdBy>
<createdTime>2024-09-01 22:45:04 UTC</createdTime>
<generatorID>D77886AB-0931-DE6A-59DF-08620BA04ACB</generatorID>
<ownerDesignName>SEMANA4</ownerDesignName>
<indexState>Foreign Key</indexState>
<isSurrogateKey>false</isSurrogateKey>
<indexColumnUsage>
<colUsage columnID="7D8DE530-1E2F-AE43-9A04-75A8249EF585"/>
</indexColumnUsage>
</ind_PK_UK>
<ind_PK_UK id="D1B39CF3-F84F-8A5E-C7F7-67B60A395496" name="MODELO_VEHICULO_VEHICULO_FK">
<createdBy>jbarr</createdBy>
<createdTime>2024-09-01 22:45:04 UTC</createdTime>
<generatorID>F52AEE11-A5F0-4BC0-0034-AB203F49F2FC</generatorID>
<ownerDesignName>SEMANA4</ownerDesignName>
<indexState>Foreign Key</indexState>
<isSurrogateKey>false</isSurrogateKey>
<indexColumnUsage>
<colUsage columnID="5693986D-37AC-5E21-8666-C6E199B323DC"/>
</indexColumnUsage>
</ind_PK_UK>
</indexes>
</Table>