<?xml version = '1.0' encoding = 'UTF-8'?>
<Table class="oracle.dbtools.crest.model.design.relational.Table" directorySegmentName="seg_0" id="C23955E4-917B-AA9B-CF89-C5808108B2D7" name="CONTACTO_CLIENTE">
<createdBy>jbarr</createdBy>
<createdTime>2024-09-01 22:45:04 UTC</createdTime>
<generatorID>2BDA978B-AB72-5D8E-7CB0-7CA9F042746F</generatorID>
<ownerDesignName>SEMANA4</ownerDesignName>
<importedID>39B015E4-722D-765F-C553-75CCA9C04D89</importedID>
<allowColumnReorder>false</allowColumnReorder>
<existDependencyGenerateInDDl>true</existDependencyGenerateInDDl>
<parsed>true</parsed>
<columns itemClass="oracle.dbtools.crest.model.design.relational.Column">
<Column name="ID_CONTACTO" id="C9F5872E-B755-83F6-2DAA-B8BF6CA9B155">
<createdBy>jbarr</createdBy>
<createdTime>2024-09-01 22:45:04 UTC</createdTime>
<generatorID>E362076D-3DEA-5793-391F-78C8D513EA13</generatorID>
<ownerDesignName>SEMANA4</ownerDesignName>
<importedID>681C49AB-87FE-6337-D7EB-A127075346F8</importedID>
<useDomainConstraints>false</useDomainConstraints>
<use>1</use>
<logicalDatatype>LOGDT019</logicalDatatype>
<dataTypePrecision>10</dataTypePrecision>
<ownDataTypeParameters>,10,</ownDataTypeParameters>
<autoIncrementCycle>false</autoIncrementCycle>
</Column>
<Column name="CELULAR" id="19C8B2F5-3241-18F0-3789-48DE977D8953">
<createdBy>jbarr</createdBy>
<createdTime>2024-09-01 22:45:04 UTC</createdTime>
<generatorID>62ED0958-17CF-4604-AF74-541E1A267CA4</generatorID>
<ownerDesignName>SEMANA4</ownerDesignName>
<importedID>3F861BD7-1A8C-D8F9-7F96-DCE023475113</importedID>
<useDomainConstraints>false</useDomainConstraints>
<use>1</use>
<logicalDatatype>LOGDT019</logicalDatatype>
<dataTypePrecision>10</dataTypePrecision>
<ownDataTypeParameters>,10,</ownDataTypeParameters>
<autoIncrementCycle>false</autoIncrementCycle>
</Column>
<Column name="CORREO" id="BC407EC7-F038-509B-09C7-2DF76329E2FE">
<createdBy>jbarr</createdBy>
<createdTime>2024-09-01 22:45:04 UTC</createdTime>
<generatorID>5630692F-F871-E0E1-9D1B-B406F7220A40</generatorID>
<ownerDesignName>SEMANA4</ownerDesignName>
<importedID>863B547B-A51A-3D4D-0A47-557FD82C9950</importedID>
<useDomainConstraints>false</useDomainConstraints>
<use>1</use>
<logicalDatatype>LOGDT024</logicalDatatype>
<dataTypeSize>100 CHAR</dataTypeSize>
<ownDataTypeParameters>100 CHAR,,</ownDataTypeParameters>
<autoIncrementCycle>false</autoIncrementCycle>
</Column>
<Column name="CLIENTE_RUT_CLIENTE" id="54D6E786-4D84-E47C-C907-43A3DC3A70C4">
<createdBy>jbarr</createdBy>
<createdTime>2024-09-01 22:45:04 UTC</createdTime>
<generatorID>0FA57384-E786-FA98-013D-02969C4F4E39</generatorID>
<ownerDesignName>SEMANA4</ownerDesignName>
<importedID>BFD75817-735F-A054-06BF-0D9764627EE7</importedID>
<useDomainConstraints>false</useDomainConstraints>
<use>1</use>
<logicalDatatype>LOGDT019</logicalDatatype>
<dataTypePrecision>10</dataTypePrecision>
<ownDataTypeParameters>,10,</ownDataTypeParameters>
<autoIncrementCycle>false</autoIncrementCycle>
<associations>
<colAssociation fkAssociation="BEEDDB0C-13DF-4B2B-BFBE-68FEB79E228F" referredColumn="21A55AB2-5704-3B4F-4F32-DDBA697F89AA"/>
</associations>
</Column>
</columns>
<indexes itemClass="oracle.dbtools.crest.model.design.relational.Index">
<ind_PK_UK id="87EFF30B-BB5B-B7FC-4A9E-0756338D077C" name="CONTACTO_CLIENTE_PK">
<createdBy>jbarr</createdBy>
<createdTime>2024-09-01 22:45:04 UTC</createdTime>
<generatorID>995E2BCA-DBFD-9174-F0BD-06BD6FBBF8FD</generatorID>
<ownerDesignName>SEMANA4</ownerDesignName>
<importedID>D49E5C30-AE13-3223-31FC-91DB0DB6FAE6</importedID>
<pk>true</pk>
<indexState>Primary Constraint</indexState>
<isSurrogateKey>false</isSurrogateKey>
<indexColumnUsage>
<colUsage columnID="C9F5872E-B755-83F6-2DAA-B8BF6CA9B155"/>
</indexColumnUsage>
</ind_PK_UK>
<ind_PK_UK id="F6B87D9D-71BF-2A0F-1F33-8AF564E5578D" name="CONTACTO_CLIENTE_CLIENTE_FK">
<createdBy>jbarr</createdBy>
<createdTime>2024-09-01 22:45:04 UTC</createdTime>
<generatorID>478F9EA1-ED74-4649-9AA5-CB9ED0F4AC06</generatorID>
<ownerDesignName>SEMANA4</ownerDesignName>
<indexState>Foreign Key</indexState>
<isSurrogateKey>false</isSurrogateKey>
<indexColumnUsage>
<colUsage columnID="54D6E786-4D84-E47C-C907-43A3DC3A70C4"/>
</indexColumnUsage>
</ind_PK_UK>
</indexes>
</Table>