<?xml version = '1.0' encoding = 'UTF-8'?>
<Table class="oracle.dbtools.crest.model.design.relational.Table" directorySegmentName="seg_0" id="C3BCCF3D-B53E-8033-7C04-57FBE4CACE87" name="CLIENTE">
<createdBy>jbarr</createdBy>
<createdTime>2024-09-01 22:45:04 UTC</createdTime>
<generatorID>613ADC38-B0CA-8C15-74FA-EFD38B6DE169</generatorID>
<ownerDesignName>SEMANA4</ownerDesignName>
<importedID>D4841E34-A56A-CD4C-AEDC-4F3BE7AAFC43</importedID>
<allowColumnReorder>false</allowColumnReorder>
<existDependencyGenerateInDDl>true</existDependencyGenerateInDDl>
<parsed>true</parsed>
<columns itemClass="oracle.dbtools.crest.model.design.relational.Column">
<Column name="RUT_CLIENTE" id="21A55AB2-5704-3B4F-4F32-DDBA697F89AA">
<createdBy>jbarr</createdBy>
<createdTime>2024-09-01 22:45:04 UTC</createdTime>
<generatorID>F7993294-8C5A-C875-4BE0-FD2A87C19525</generatorID>
<ownerDesignName>SEMANA4</ownerDesignName>
<importedID>ED6CC089-DC95-6B7F-636C-424D24E1EC25</importedID>
<useDomainConstraints>false</useDomainConstraints>
<use>1</use>
<logicalDatatype>LOGDT019</logicalDatatype>
<dataTypePrecision>10</dataTypePrecision>
<ownDataTypeParameters>,10,</ownDataTypeParameters>
<autoIncrementCycle>false</autoIncrementCycle>
</Column>
<Column name="NOMBRE" id="163E7E78-4B4B-0574-62EA-10A0522D3741">
<createdBy>jbarr</createdBy>
<createdTime>2024-09-01 22:45:04 UTC</createdTime>
<generatorID>2DAA01B1-0B88-477F-0A26-2767625D8A37</generatorID>
<ownerDesignName>SEMANA4</ownerDesignName>
<importedID>A6302F5C-F2B3-CA86-ED66-FE24013A01D2</importedID>
<useDomainConstraints>false</useDomainConstraints>
<use>1</use>
<logicalDatatype>LOGDT024</logicalDatatype>
<dataTypeSize>30 CHAR</dataTypeSize>
<ownDataTypeParameters>30 CHAR,,</ownDataTypeParameters>
<autoIncrementCycle>false</autoIncrementCycle>
</Column>
<Column name="A_PATERNO" id="D9BE12DF-16AA-934C-C02D-4D94DC206B51">
<createdBy>jbarr</createdBy>
<createdTime>2024-09-01 22:45:04 UTC</createdTime>
<generatorID>D3D81D6A-9914-4242-9283-A26BD7633325</generatorID>
<ownerDesignName>SEMANA4</ownerDesignName>
<importedID>BBCF71D1-F30E-6924-71D2-B6EC85903FEA</importedID>
<useDomainConstraints>false</useDomainConstraints>
<use>1</use>
<logicalDatatype>LOGDT024</logicalDatatype>
<dataTypeSize>30 CHAR</dataTypeSize>
<ownDataTypeParameters>30 CHAR,,</ownDataTypeParameters>
<autoIncrementCycle>false</autoIncrementCycle>
</Column>
<Column name="A_MATERNO" id="9DCDF377-9D19-718F-4ACD-87F399F73EB7">
<createdBy>jbarr</createdBy>
<createdTime>2024-09-01 22:45:04 UTC</createdTime>
<generatorID>4C838AD9-FFEF-4ED4-F598-9C7127A8239A</generatorID>
<ownerDesignName>SEMANA4</ownerDesignName>
<importedID>2F56FEF0-352D-43B7-F184-5D139F9E8F9C</importedID>
<useDomainConstraints>false</useDomainConstraints>
<use>1</use>
<logicalDatatype>LOGDT024</logicalDatatype>
<dataTypeSize>30 CHAR</dataTypeSize>
<ownDataTypeParameters>30 CHAR,,</ownDataTypeParameters>
<autoIncrementCycle>false</autoIncrementCycle>
</Column>
<Column name="DOMICILIO" id="A18F48BA-63B5-3817-4A83-88FD7BB6C8E3">
<createdBy>jbarr</createdBy>
<createdTime>2024-09-01 22:45:04 UTC</createdTime>
<generatorID>FF61129B-D347-0821-4739-2BB1A33F08DA</generatorID>
<ownerDesignName>SEMANA4</ownerDesignName>
<importedID>8F8626BA-6DCB-5813-F238-BE85321E501A</importedID>
<useDomainConstraints>false</useDomainConstraints>
<use>1</use>
<logicalDatatype>LOGDT024</logicalDatatype>
<dataTypeSize>100 CHAR</dataTypeSize>
<ownDataTypeParameters>100 CHAR,,</ownDataTypeParameters>
<autoIncrementCycle>false</autoIncrementCycle>
</Column>
</columns>
<indexes itemClass="oracle.dbtools.crest.model.design.relational.Index">
<ind_PK_UK id="456152F0-EA45-17AD-572A-EBD51C9A4ECF" name="CLIENTE_PK">
<createdBy>jbarr</createdBy>
<createdTime>2024-09-01 22:45:04 UTC</createdTime>
<generatorID>219B9F21-FB96-3548-88B6-A9A08D7DB179</generatorID>
<ownerDesignName>SEMANA4</ownerDesignName>
<importedID>0D1A873F-41A2-894A-A821-EE15460FC4E6</importedID>
<pk>true</pk>
<indexState>Primary Constraint</indexState>
<isSurrogateKey>false</isSurrogateKey>
<indexColumnUsage>
<colUsage columnID="21A55AB2-5704-3B4F-4F32-DDBA697F89AA"/>
</indexColumnUsage>
</ind_PK_UK>
</indexes>
</Table>