<?xml version = '1.0' encoding = 'UTF-8'?>
<Table class="oracle.dbtools.crest.model.design.relational.Table" directorySegmentName="seg_0" id="D6D470B7-4344-101D-4E65-311C4930FDF2" name="MARCA_VEHICULO">
<createdBy>jbarr</createdBy>
<createdTime>2024-09-01 22:45:04 UTC</createdTime>
<generatorID>1E1BFAC1-23D6-9CCF-D052-1F4D44EB5A8D</generatorID>
<ownerDesignName>SEMANA4</ownerDesignName>
<importedID>0F7B30DC-F5C5-247E-610C-F57CDA0C1E5E</importedID>
<allowColumnReorder>false</allowColumnReorder>
<existDependencyGenerateInDDl>true</existDependencyGenerateInDDl>
<parsed>true</parsed>
<columns itemClass="oracle.dbtools.crest.model.design.relational.Column">
<Column name="PATENTE" id="049A65A5-13FA-1FD0-7A08-E10A1D9F67A8">
<createdBy>jbarr</createdBy>
<createdTime>2024-09-01 22:45:04 UTC</createdTime>
<generatorID>260D312F-A69F-FF2C-F0C4-C617B13A41EC</generatorID>
<ownerDesignName>SEMANA4</ownerDesignName>
<importedID>A432ED6C-4D6F-6928-A643-915A8225EF10</importedID>
<useDomainConstraints>false</useDomainConstraints>
<use>1</use>
<logicalDatatype>LOGDT019</logicalDatatype>
<dataTypePrecision>6</dataTypePrecision>
<ownDataTypeParameters>,6,</ownDataTypeParameters>
<autoIncrementCycle>false</autoIncrementCycle>
<associations>
<colAssociation fkAssociation="259F0036-482D-CE5E-A7E5-146F088747C4" referredColumn="7EC7AEAD-C26C-E961-F744-8215591977BD"/>
</associations>
</Column>
<Column name="ID_MARCA" id="CEC51139-70AF-BFCB-EE9B-1C9B41706192">
<createdBy>jbarr</createdBy>
<createdTime>2024-09-01 22:45:04 UTC</createdTime>
<generatorID>DF8DF0E1-32DC-0440-9C4F-7113B261015A</generatorID>
<ownerDesignName>SEMANA4</ownerDesignName>
<importedID>548BBF26-FDBF-7D29-772C-DA137B909AB3</importedID>
<useDomainConstraints>false</useDomainConstraints>
<use>1</use>
<logicalDatatype>LOGDT019</logicalDatatype>
<dataTypePrecision>10</dataTypePrecision>
<ownDataTypeParameters>,10,</ownDataTypeParameters>
<autoIncrementCycle>false</autoIncrementCycle>
</Column>
<Column name="NOMBRE" id="D353EB4E-F8A6-416F-0444-1872DCA4B900">
<createdBy>jbarr</createdBy>
<createdTime>2024-09-01 22:45:04 UTC</createdTime>
<generatorID>176C1F82-EE88-C5B1-DF50-779F604D75EB</generatorID>
<ownerDesignName>SEMANA4</ownerDesignName>
<importedID>41587817-184D-9E9B-67F6-186C12E7C60B</importedID>
<useDomainConstraints>false</useDomainConstraints>
<use>1</use>
<logicalDatatype>LOGDT024</logicalDatatype>
<dataTypeSize>20 CHAR</dataTypeSize>
<ownDataTypeParameters>20 CHAR,,</ownDataTypeParameters>
<autoIncrementCycle>false</autoIncrementCycle>
</Column>
<Column name="VEHICULO_PATENTE" id="B9D5D6FD-81D7-928D-BCB6-F31953DB3B09">
<createdBy>jbarr</createdBy>
<createdTime>2024-09-01 22:45:04 UTC</createdTime>
<generatorID>E8936904-6009-D274-91E9-E2E4839023A0</generatorID>
<ownerDesignName>SEMANA4</ownerDesignName>
<importedID>4EB76010-EDF7-2949-560B-3BD0CE983434</importedID>
<useDomainConstraints>false</useDomainConstraints>
<use>1</use>
<logicalDatatype>LOGDT019</logicalDatatype>
<dataTypePrecision>6</dataTypePrecision>
<ownDataTypeParameters>,6,</ownDataTypeParameters>
<autoIncrementCycle>false</autoIncrementCycle>
<associations>
<colAssociation fkAssociation="0EDF9452-85B7-9D71-BA21-88884EE06CFF" referredColumn="7EC7AEAD-C26C-E961-F744-8215591977BD"/>
</associations>
</Column>
</columns>
<indexes itemClass="oracle.dbtools.crest.model.design.relational.Index">
<ind_PK_UK id="B87EF510-3371-6C4E-E3CA-62134C7E8647" name="MARCA_VEHICULO_PKv1">
<createdBy>jbarr</createdBy>
<createdTime>2024-09-01 22:45:04 UTC</createdTime>
<generatorID>51DFD2AE-0700-2915-CAF7-D40E16FEC7F0</generatorID>
<ownerDesignName>SEMANA4</ownerDesignName>
<importedID>B77A6C79-DEF8-1BC6-DB8C-83593C54185D</importedID>
<pk>true</pk>
<indexState>Primary Constraint</indexState>
<isSurrogateKey>false</isSurrogateKey>
<indexColumnUsage>
<colUsage columnID="CEC51139-70AF-BFCB-EE9B-1C9B41706192"/>
</indexColumnUsage>
</ind_PK_UK>
<ind_PK_UK id="61F7CB7F-0023-4EFC-D65D-0635F39D54A0" name="MARCA_VEHICULO_PK">
<createdBy>jbarr</createdBy>
<createdTime>2024-09-01 22:45:04 UTC</createdTime>
<generatorID>FAF94444-FAFC-3191-AB6E-F4AA6BC94479</generatorID>
<ownerDesignName>SEMANA4</ownerDesignName>
<importedID>A1201A87-A954-CA4C-4A08-91DF6692EC85</importedID>
<indexState>Unique Constraint</indexState>
<isSurrogateKey>false</isSurrogateKey>
<indexColumnUsage>
<colUsage columnID="049A65A5-13FA-1FD0-7A08-E10A1D9F67A8"/>
</indexColumnUsage>
</ind_PK_UK>
<ind_PK_UK id="89E4B1CF-CF74-32D0-6722-8600190E1EE5" name="MARCA_VEHICULO_VEHICULO_FKv2">
<createdBy>jbarr</createdBy>
<createdTime>2024-09-01 22:45:04 UTC</createdTime>
<generatorID>32A3E5AC-0E5F-115F-2220-7C6107AE81B5</generatorID>
<ownerDesignName>SEMANA4</ownerDesignName>
<indexState>Foreign Key</indexState>
<isSurrogateKey>false</isSurrogateKey>
<indexColumnUsage>
<colUsage columnID="B9D5D6FD-81D7-928D-BCB6-F31953DB3B09"/>
</indexColumnUsage>
</ind_PK_UK>
<ind_PK_UK id="DF303C4B-CE43-3A56-6269-B1EAFAB81191" name="MARCA_VEHICULO_VEHICULO_FK">
<createdBy>jbarr</createdBy>
<createdTime>2024-09-01 22:45:04 UTC</createdTime>
<generatorID>777EBAE8-C885-75B0-61E0-4383F0F1BD73</generatorID>
<ownerDesignName>SEMANA4</ownerDesignName>
<indexState>Foreign Key</indexState>
<isSurrogateKey>false</isSurrogateKey>
<indexColumnUsage>
<colUsage columnID="049A65A5-13FA-1FD0-7A08-E10A1D9F67A8"/>
</indexColumnUsage>
</ind_PK_UK>
</indexes>
</Table>