<?xml version = '1.0' encoding = 'UTF-8'?>
<Table class="oracle.dbtools.crest.model.design.relational.Table" directorySegmentName="seg_0" id="EBD1B354-0754-8E3F-B5E2-A28175B4DDBD" name="AÑO_VEHICULO">
<createdBy>jbarr</createdBy>
<createdTime>2024-09-01 22:45:04 UTC</createdTime>
<generatorID>71B5D3C9-E213-B1AF-1A63-07A1F5806C49</generatorID>
<ownerDesignName>SEMANA4</ownerDesignName>
<importedID>222AA9AA-B605-0693-F4B1-9EBF10D4BFAD</importedID>
<allowColumnReorder>false</allowColumnReorder>
<existDependencyGenerateInDDl>true</existDependencyGenerateInDDl>
<parsed>true</parsed>
<columns itemClass="oracle.dbtools.crest.model.design.relational.Column">
<Column name="PATENTE" id="5ABACC27-EA78-971F-33D3-F807609DFDA3">
<createdBy>jbarr</createdBy>
<createdTime>2024-09-01 22:45:04 UTC</createdTime>
<generatorID>260D312F-A69F-FF2C-F0C4-C617B13A41EC</generatorID>
<ownerDesignName>SEMANA4</ownerDesignName>
<importedID>030788F7-A1E4-7355-518D-1F153C49355E</importedID>
<useDomainConstraints>false</useDomainConstraints>
<use>1</use>
<logicalDatatype>LOGDT019</logicalDatatype>
<dataTypePrecision>6</dataTypePrecision>
<ownDataTypeParameters>,6,</ownDataTypeParameters>
<autoIncrementCycle>false</autoIncrementCycle>
<associations>
<colAssociation fkAssociation="939F8D0A-8849-9C18-E414-4F5D25F51637" referredColumn="7EC7AEAD-C26C-E961-F744-8215591977BD"/>
</associations>
</Column>
<Column name="ID_AÑO" id="5B4C0620-6957-9113-9D71-27F13C731CC8">
<createdBy>jbarr</createdBy>
<createdTime>2024-09-01 22:45:04 UTC</createdTime>
<generatorID>7BF7119A-47C2-DC63-8864-23DD52E3CE35</generatorID>
<ownerDesignName>SEMANA4</ownerDesignName>
<importedID>59DD3C01-A5DA-552D-E004-3BA39D544C1D</importedID>
<useDomainConstraints>false</useDomainConstraints>
<use>1</use>
<logicalDatatype>LOGDT019</logicalDatatype>
<dataTypePrecision>10</dataTypePrecision>
<ownDataTypeParameters>,10,</ownDataTypeParameters>
<autoIncrementCycle>false</autoIncrementCycle>
</Column>
<Column name="AÑO" id="62C0BF8B-5FD6-13DF-1B28-0669685764A4">
<createdBy>jbarr</createdBy>
<createdTime>2024-09-01 22:45:04 UTC</createdTime>
<generatorID>5ACD7607-5217-FFE3-701D-273D728468D1</generatorID>
<ownerDesignName>SEMANA4</ownerDesignName>
<importedID>F06F99AC-F523-39BB-8FBB-EF956DF3A95D</importedID>
<useDomainConstraints>false</useDomainConstraints>
<use>1</use>
<logicalDatatype>LOGDT007</logicalDatatype>
<ownDataTypeParameters>,,</ownDataTypeParameters>
<autoIncrementCycle>false</autoIncrementCycle>
</Column>
<Column name="VEHICULO_PATENTE" id="D0375AA5-8868-CB59-DA1E-562FC7B3350A">
<createdBy>jbarr</createdBy>
<createdTime>2024-09-01 22:45:04 UTC</createdTime>
<generatorID>9528DCE3-5896-E7F9-F41D-945D6DCA7559</generatorID>
<ownerDesignName>SEMANA4</ownerDesignName>
<importedID>7CA9B52E-E624-884C-5C27-D706BA088781</importedID>
<useDomainConstraints>false</useDomainConstraints>
<use>1</use>
<logicalDatatype>LOGDT019</logicalDatatype>
<dataTypePrecision>6</dataTypePrecision>
<ownDataTypeParameters>,6,</ownDataTypeParameters>
<autoIncrementCycle>false</autoIncrementCycle>
<associations>
<colAssociation fkAssociation="FB9ADAE1-CC35-1B30-540E-8AFCEE910FA1" referredColumn="7EC7AEAD-C26C-E961-F744-8215591977BD"/>
</associations>
</Column>
</columns>
<indexes itemClass="oracle.dbtools.crest.model.design.relational.Index">
<ind_PK_UK id="56DE994A-FD2F-EE6C-AE11-9F405EF296AA" name="AÑO_VEHICULO_PKv1">
<createdBy>jbarr</createdBy>
<createdTime>2024-09-01 22:45:04 UTC</createdTime>
<generatorID>F67778A9-CF0C-A469-61F9-E9703EB7F6BA</generatorID>
<ownerDesignName>SEMANA4</ownerDesignName>
<importedID>9F46C4B2-6E05-C372-EB42-9047660FA64C</importedID>
<pk>true</pk>
<indexState>Primary Constraint</indexState>
<isSurrogateKey>false</isSurrogateKey>
<indexColumnUsage>
<colUsage columnID="5B4C0620-6957-9113-9D71-27F13C731CC8"/>
</indexColumnUsage>
</ind_PK_UK>
<ind_PK_UK id="FA5B1DC1-4196-23FF-B3D5-5BDD60D2CCBA" name="AÑO_VEHICULO_PK">
<createdBy>jbarr</createdBy>
<createdTime>2024-09-01 22:45:04 UTC</createdTime>
<generatorID>FAF94444-FAFC-3191-AB6E-F4AA6BC94479</generatorID>
<ownerDesignName>SEMANA4</ownerDesignName>
<importedID>5308D8D6-D285-3521-B795-35B26BBC4BA6</importedID>
<indexState>Unique Constraint</indexState>
<isSurrogateKey>false</isSurrogateKey>
<indexColumnUsage>
<colUsage columnID="5ABACC27-EA78-971F-33D3-F807609DFDA3"/>
</indexColumnUsage>
</ind_PK_UK>
<ind_PK_UK id="C5236290-4911-FDE1-3622-1EBC1BB36BD2" name="AÑO_VEHICULO_VEHICULO_FKv2">
<createdBy>jbarr</createdBy>
<createdTime>2024-09-01 22:45:04 UTC</createdTime>
<generatorID>FD10CB29-EA5E-55D8-BBB0-34CBF32B36D4</generatorID>
<ownerDesignName>SEMANA4</ownerDesignName>
<indexState>Foreign Key</indexState>
<isSurrogateKey>false</isSurrogateKey>
<indexColumnUsage>
<colUsage columnID="D0375AA5-8868-CB59-DA1E-562FC7B3350A"/>
</indexColumnUsage>
</ind_PK_UK>
<ind_PK_UK id="35D8BF10-C67A-7424-F0DA-B3D91CEFC84F" name="AÑO_VEHICULO_VEHICULO_FK">
<createdBy>jbarr</createdBy>
<createdTime>2024-09-01 22:45:04 UTC</createdTime>
<generatorID>2B4F59D9-224E-A27E-2DD1-BDF627050A64</generatorID>
<ownerDesignName>SEMANA4</ownerDesignName>
<indexState>Foreign Key</indexState>
<isSurrogateKey>false</isSurrogateKey>
<indexColumnUsage>
<colUsage columnID="5ABACC27-EA78-971F-33D3-F807609DFDA3"/>
</indexColumnUsage>
</ind_PK_UK>
</indexes>
</Table>